縣市,名稱,地址,評分,評論數,營業時間,經度,緯度
台北市,就甘心Ponpon寵物旅館,10491台灣臺北市中山區新生北路二段60巷16號4樓,5.0,386.0,星期一: 11:00 – 19:00；星期二: 11:00 – 19:00；星期三: 11:00 – 19:00；星期四: 11:00 – 19:00；星期五: 11:00 – 19:00；星期六: 11:00 – 19:00；星期日: 11:00 – 19:00,121.5268032,25.0556688
台北市,逗格寵物旅館DogoHotel,10491台灣臺北市中山區雙城街49巷9-6號1樓,5.0,163.0,星期一: 08:15 – 20:00；星期二: 08:15 – 20:00；星期三: 08:15 – 20:00；星期四: 08:15 – 20:00；星期五: 08:15 – 20:00；星期六: 08:15 – 20:00；星期日: 08:15 – 20:00,121.5250757,25.0680154
台北市,【米兔旅店】兔子住宿-寵物旅館,103台灣臺北市大同區酒泉街105號,5.0,228.0,星期一: 08:00 – 20:00；星期二: 08:00 – 20:00；星期三: 08:00 – 20:00；星期四: 08:00 – 20:00；星期五: 08:00 – 20:00；星期六: 08:00 – 20:00；星期日: 08:00 – 20:00,121.5152486,25.0721397
台北市,24h寵物寄宿/過年有空/到府美容/到府獸醫/到府照護/貓狗保姆/寵物旅館/毛小愛下單保障雙方,103台灣臺北市大同區五原路19號,5.0,12.0,星期一: 24 小時營業；星期二: 24 小時營業；星期三: 24 小時營業；星期四: 24 小時營業；星期五: 24 小時營業；星期六: 24 小時營業；星期日: 24 小時營業,121.5174032,25.0566984
台北市,北歐寵物旅館,106台灣臺北市大安區新生南路二段60-1號,4.7,386.0,星期一: 08:00 – 22:00；星期二: 08:00 – 22:00；星期三: 08:00 – 22:00；星期四: 08:00 – 22:00；星期五: 08:00 – 22:00；星期六: 08:00 – 22:00；星期日: 08:00 – 22:00,121.5341688,25.0284165
台北市,Very旺寵物旅館 VW pet hotel,105台灣臺北市松山區八德路二段429號2樓,4.4,314.0,星期一: 08:30 – 20:00；星期二: 08:30 – 20:00；星期三: 08:30 – 20:00；星期四: 08:30 – 20:00；星期五: 08:30 – 20:00；星期六: 08:30 – 20:00；星期日: 08:30 – 20:00,121.5466462,25.0483138
台北市,貓僕舍複合式貓旅館,10362台灣臺北市大同區重慶北路三段73號,4.9,52.0,星期一: 10:30 – 19:00；星期二: 10:30 – 19:00；星期三: 10:30 – 19:00；星期四: 10:30 – 19:00；星期五: 10:30 – 19:00；星期六: 11:00 – 19:00；星期日: 11:00 – 19:00,121.5138623,25.0664411
台北市,台北專業貓咪保姆KIKI/到府照護/陪狗狗散步/到府美容洗澡/寵物旅館/寵物寄宿/毛小愛APP,100台灣臺北市中正區林森北路9巷5號,4.9,28.0,星期一: 24 小時營業；星期二: 24 小時營業；星期三: 24 小時營業；星期四: 24 小時營業；星期五: 24 小時營業；星期六: 24 小時營業；星期日: 24 小時營業,121.5241794,25.0457797
台北市,家裡寵物旅館-幼幼館,"1樓, No. 195號長安東路二段中山區臺北市台灣 10490",4.8,131.0,"星期一: 10:00 – 12:00, 13:30 – 20:00；星期二: 10:00 – 12:00, 13:30 – 20:00；星期三: 10:00 – 12:00, 13:30 – 20:00；星期四: 10:00 – 12:00, 13:30 – 20:00；星期五: 10:00 – 12:00, 13:30 – 20:00；星期六: 10:00 – 12:00, 13:30 – 20:00；星期日: 10:00 – 12:00, 13:30 – 20:00",121.5432635,25.04836
台北市,宅貓旅館🥰中山館,10469台灣臺北市中山區民生東路二段3號,4.9,284.0,星期一: 10:30 – 20:00；星期二: 10:30 – 20:00；星期三: 10:30 – 20:00；星期四: 10:30 – 20:00；星期五: 10:30 – 20:00；星期六: 10:30 – 20:00；星期日: 10:30 – 20:00,121.5282278,25.0582391
台北市,狗窩窩愛犬旅舍(寵物旅館/狗狗旅館/狗狗美容/狗狗住宿/寵物安親/狗狗洗澡),105台灣臺北市松山區民生東路五段137巷2-5號1樓,4.7,79.0,星期一: 08:00 – 21:00；星期二: 08:00 – 21:00；星期三: 08:00 – 21:00；星期四: 08:00 – 21:00；星期五: 08:00 – 21:00；星期六: 08:00 – 21:00；星期日: 08:00 – 21:00,121.5616835,25.0592262
台北市,貓踏踏貓旅館,104台灣臺北市中山區長安東路一段16號10樓之3,5.0,47.0,星期一: 11:00 – 20:00；星期二: 11:00 – 20:00；星期三: 11:00 – 20:00；星期四: 11:00 – 20:00；星期五: 11:00 – 20:00；星期六: 11:00 – 20:00；星期日: 11:00 – 20:00,121.5231019,25.049391
台北市,喵吉拉渡假村｜頂級純貓旅館｜純貓美容｜韓國寵物選品｜到府寵物管家,100台灣臺北市中正區金山北路1號13樓,5.0,85.0,星期一: 12:00 – 19:00；星期二: 12:00 – 19:00；星期三: 12:00 – 19:00；星期四: 12:00 – 19:00；星期五: 12:00 – 19:00；星期六: 12:00 – 19:00；星期日: 12:00 – 19:00,121.5304059,25.0441326
台北市,D&Y 寵物美容時尚旅店,10491台灣臺北市中山區中山北路三段55巷22號,4.7,298.0,星期一: 08:00 – 22:00；星期二: 08:00 – 22:00；星期三: 08:00 – 22:00；星期四: 08:00 – 22:00；星期五: 08:00 – 22:00；星期六: 08:00 – 22:00；星期日: 08:00 – 22:00,121.523917,25.067884
台北市,丹迪貓•Cat Hotel&Grooming,103020台灣臺北市大同區平陽街25號,5.0,77.0,星期一: 11:00 – 21:00；星期二: 11:00 – 21:00；星期三: 11:00 – 21:00；星期四: 11:00 – 21:00；星期五: 11:00 – 21:00；星期六: 11:00 – 21:00；星期日: 11:00 – 21:00,121.5173115,25.0550865
台北市,WSPA寵物旅館,100台灣台北市中正区罗斯福路三段139號1F,4.5,124.0,星期一: 09:00 – 20:00；星期二: 09:00 – 20:00；星期三: 09:00 – 20:00；星期四: 09:00 – 20:00；星期五: 09:00 – 20:00；星期六: 09:00 – 20:00；星期日: 09:00 – 20:00,121.527207,25.0218659
台北市,GuGu House 寵物旅館,10462台灣臺北市中山區敬業一路160號,4.7,72.0,星期一: 10:00 – 20:00；星期二: 10:00 – 20:00；星期三: 10:00 – 20:00；星期四: 10:00 – 20:00；星期五: 10:00 – 20:00；星期六: 10:00 – 20:00；星期日: 10:00 – 20:00,121.5531642,25.0839287
台北市,吃手手寵物精品旅館The Paw Pet Hotel,100台灣台北市中正区济南路二段35-1號1樓,4.6,109.0,星期一: 08:00 – 22:00；星期二: 08:00 – 22:00；星期三: 08:00 – 22:00；星期四: 08:00 – 22:00；星期五: 08:00 – 22:00；星期六: 08:00 – 22:00；星期日: 08:00 – 22:00,121.5297938,25.0408138
台北市,小客廳寵物旅館 The Living Room Pet Hotel,114台灣臺北市內湖區成功路四段30巷19號,4.8,113.0,星期一: 08:15 – 21:00；星期二: 08:15 – 21:00；星期三: 08:15 – 21:00；星期四: 08:15 – 21:00；星期五: 08:15 – 21:00；星期六: 09:00 – 21:00；星期日: 09:00 – 21:00,121.591793,25.0822558
台北市,貓格里拉 - 貓旅館 - 貓住宿 - Cat Hotel & Goods,"10樓之3, No. 76號復興南路一段大安區臺北市台灣 106",5.0,168.0,星期一: 11:00 – 19:00；星期二: 11:00 – 19:00；星期三: 11:00 – 19:00；星期四: 11:00 – 19:00；星期五: 11:00 – 19:00；星期六: 11:00 – 19:00；星期日: 11:00 – 19:00,121.5435872,25.0440031
台北市,狗狗日常寵物旅館/寵物旅館/寵物美容/寵物自助洗/狗安親/狗住宿*全預約制*,"85號, 羅斯福路六段文山區臺北市台灣 116",4.7,148.0,星期一: 10:30 – 18:30；星期二: 10:30 – 18:30；星期三: 10:30 – 18:30；星期四: 10:30 – 18:30；星期五: 10:30 – 18:30；星期六: 10:30 – 18:30；星期日: 10:30 – 18:30,121.5405372,24.9985675
台北市,樓上遇見貓（南京館）｜松山區純貓旅館｜住宿獨立大空間｜近南京復興站,105台灣臺北市松山區南京東路三段256巷47號,5.0,17.0,星期一: 12:00 – 19:00；星期二: 12:00 – 19:00；星期三: 12:00 – 19:00；星期四: 12:00 – 19:00；星期五: 12:00 – 19:00；星期六: 12:00 – 19:00；星期日: 12:00 – 19:00,121.5445922,25.0496516
台北市,狗狗好乖寵物旅館,115台灣臺北市南港區玉成街4號,4.6,73.0,星期一: 08:10 – 21:00；星期二: 08:10 – 21:00；星期三: 08:10 – 21:30；星期四: 08:10 – 21:00；星期五: 08:10 – 21:00；星期六: 08:10 – 21:00；星期日: 08:10 – 21:00,121.5814516,25.0512159
台北市,北歐寵物旅館 游泳館,105台灣臺北市松山區八德路三段224號,4.7,301.0,星期一: 08:00 – 22:00；星期二: 08:00 – 22:00；星期三: 08:00 – 22:00；星期四: 08:00 – 22:00；星期五: 08:00 – 22:00；星期六: 08:00 – 22:00；星期日: 08:00 – 22:00,121.557153,25.0480288
台北市,金狗錐狗狗寵物旅館（預約制）小型犬安親住宿、狗狗美容,105台灣臺北市松山區南京東路五段163-4號,5.0,59.0,星期一: 09:00 – 21:00；星期二: 09:00 – 21:00；星期三: 09:00 – 21:00；星期四: 09:00 – 21:00；星期五: 09:00 – 21:00；星期六: 09:00 – 21:00；星期日: 09:00 – 21:00,121.5626835,25.0516991
台北市,汪堡-大直店,104台灣臺北市中山區敬業一路46號,4.8,161.0,星期一: 09:00 – 20:00；星期二: 09:00 – 20:00；星期三: 09:00 – 20:00；星期四: 09:00 – 20:00；星期五: 09:00 – 20:00；星期六: 09:00 – 20:00；星期日: 09:00 – 20:00,121.5529015,25.0813769
台北市,貓森旅-貓旅館Cat Hotel 台北市中心,106台灣臺北市大安區信義路三段75之1號 2樓,5.0,442.0,星期一: 12:00 – 21:00；星期二: 12:00 – 21:00；星期三: 12:00 – 21:00；星期四: 12:00 – 21:00；星期五: 12:00 – 21:00；星期六: 12:00 – 21:00；星期日: 12:00 – 21:00,121.537277,25.033714
台北市,一簍毛YiLouMao 小動物按摩 安親住宿 夜間保姆,111台灣臺北市士林區天母西路No. 3號5樓,5.0,26.0,星期一: 10:00 – 20:00；星期二: 10:00 – 20:00；星期三: 10:00 – 20:00；星期四: 10:00 – 20:00；星期五: 10:00 – 20:00；星期六: 10:00 – 20:00；星期日: 10:00 – 20:00,121.529291,25.118609
台北市,Happy愛犬屋,106台灣臺北市大安區復興南路一段321號6 樓,4.8,36.0,星期一: 09:00 – 20:00；星期二: 09:00 – 20:00；星期三: 09:00 – 20:00；星期四: 09:00 – 20:00；星期五: 09:00 – 20:00；星期六: 09:00 – 20:00；星期日: 09:00 – 20:00,121.543851,25.0340483
台北市,貓室友 Catroommate 貓旅館 台北貓住宿,11159台灣臺北市士林區文林路512-1號1樓,4.9,137.0,星期一: 12:00 – 20:00；星期二: 12:00 – 20:00；星期三: 12:00 – 20:00；星期四: 12:00 – 20:00；星期五: 12:00 – 20:00；星期六: 12:00 – 20:00；星期日: 12:00 – 20:00,121.5242124,25.0969928
台北市,有間貓旅精品度假中心 A-House Traveler -貓咪住宿|寵物旅館|貓咪行為訓練|諮詢|台北松山區|民生社區,105032台灣台北市松山區南京东路五段137號二樓,5.0,325.0,星期一: 11:00 – 21:00；星期二: 11:00 – 21:00；星期三: 11:00 – 21:00；星期四: 11:00 – 21:00；星期五: 11:00 – 21:00；星期六: 11:00 – 21:00；星期日: 11:00 – 21:00,121.5614964,25.0516948
台北市,喵汪美安宿-沐沐館 國寶寵物,10491台灣臺北市中山區松江路382號,4.8,133.0,星期一: 10:00 – 21:00；星期二: 10:00 – 21:00；星期三: 10:00 – 21:00；星期四: 10:00 – 21:00；星期五: 10:00 – 21:00；星期六: 10:00 – 21:00；星期日: 10:00 – 21:00,121.5329092,25.0634608
台北市,寄居喵和風貓旅宿Hermicat 純貓旅館,110053台灣臺北市信義區信義路四段401號5樓,5.0,58.0,星期一: 11:30 – 19:00；星期二: 11:30 – 19:00；星期三: 11:30 – 19:00；星期四: 11:30 – 19:00；星期五: 11:30 – 19:00；星期六: 11:30 – 19:00；星期日: 11:30 – 19:00,121.5587329,25.033287
台北市,三重小庭寵物服務,241台灣新北市三重區重陽路三段176號,5.0,47.0,星期一: 09:00 – 21:00；星期二: 09:00 – 21:00；星期三: 09:00 – 21:00；星期四: 09:00 – 21:00；星期五: 09:00 – 21:00；星期六: 09:00 – 21:00；星期日: 09:00 – 21:00,121.4898315,25.068303
台北市,MOMO寵物旅館 住宿全天不關籠 開放大空間,241台灣新北市三重區永安北路二段107號1F,4.6,87.0,星期一: 10:00 – 21:00；星期二: 10:00 – 21:00；星期三: 10:00 – 21:00；星期四: 10:00 – 21:00；星期五: 10:00 – 21:00；星期六: 10:00 – 21:00；星期日: 10:00 – 21:00,121.4833335,25.0839361
台北市,有毛公寓Apt.Meow｜貓咪專門旅館,105台灣臺北市松山區八德路四段649號2樓,4.9,53.0,星期一: 12:00 – 20:00；星期二: 12:00 – 20:00；星期三: 12:00 – 20:00；星期四: 12:00 – 20:00；星期五: 12:00 – 20:00；星期六: 12:00 – 20:00；星期日: 12:00 – 20:00,121.5753548,25.0502069
台北市,毛寵舒室,242台灣新北市新莊區福德一街76號,4.9,74.0,星期一: 09:00 – 21:00；星期二: 09:00 – 21:00；星期三: 09:00 – 21:00；星期四: 09:00 – 21:00；星期五: 09:00 – 21:00；星期六: 09:00 – 21:00；星期日: 09:00 – 21:00,121.4614532,25.0562582
台北市,日巷貓旅｜貓旅館｜寵物旅館｜行李寄放,11568台灣台北市南港区南港路一段287巷2弄6號1樓,5.0,80.0,星期一: 11:00 – 21:00；星期二: 11:00 – 21:00；星期三: 11:00 – 21:00；星期四: 11:00 – 21:00；星期五: 11:00 – 21:00；星期六: 11:00 – 21:00；星期日: 11:00 – 21:00,121.608258,25.0541944
台北市,毛旅 寵物旅館,10491台灣臺北市中山區長安東路二段232號,5.0,15.0,星期一: 10:30 – 20:00；星期二: 10:30 – 20:00；星期三: 10:30 – 20:00；星期四: 10:30 – 20:00；星期五: 10:30 – 20:00；星期六: 10:30 – 20:00；星期日: 10:30 – 20:00,121.5429057,25.0480787
台北市,酉家寵物旅館,111台灣臺北市士林區士東路18號1樓,4.5,62.0,星期一: 10:00 – 20:00；星期二: 10:00 – 20:00；星期三: 10:00 – 20:00；星期四: 10:00 – 20:00；星期五: 10:00 – 20:00；星期六: 10:00 – 20:00；星期日: 10:00 – 20:00,121.5269377,25.1117446
台北市,LULU寵物旅館/過年有空/陪同散步/代理鏟屎官/貓狗到府陪玩照護/毛小愛/加line諮詢,105台灣臺北市松山區民生東路五段221號,5.0,19.0,星期一: 09:00 – 21:00；星期二: 09:00 – 21:00；星期三: 09:00 – 21:00；星期四: 09:00 – 21:00；星期五: 09:00 – 21:00；星期六: 24 小時營業；星期日: 24 小時營業,121.566977,25.059434
台北市,吉貓寓所 | 台北24hrs純貓旅館 • 頂級美容,106台灣臺北市大安區和平東路二段297號3樓,5.0,33.0,星期一: 12:00 – 20:00；星期二: 12:00 – 20:00；星期三: 12:00 – 20:00；星期四: 12:00 – 20:00；星期五: 12:00 – 20:00；星期六: 12:00 – 20:00；星期日: 12:00 – 20:00,121.5447553,25.0249946
台北市,喵汪美安宿-天母旗艦館 犬貓寵物美容 | 安親住宿 | 溫水舒緩泳池 國寶寵物,111台灣臺北市士林區中山北路七段20號,4.8,90.0,星期一: 10:00 – 21:00；星期二: 10:00 – 21:00；星期三: 10:00 – 21:00；星期四: 10:00 – 21:00；星期五: 10:00 – 21:00；星期六: 10:00 – 21:00；星期日: 10:00 – 21:00,121.530917,25.119297
台北市,3天2夜寵物旅館、美容Spa,104台灣臺北市中山區樂群三路73號2樓,4.5,48.0,星期一: 08:00 – 19:00；星期二: 08:00 – 19:00；星期三: 08:00 – 19:00；星期四: 08:00 – 19:00；星期五: 08:00 – 19:00；星期六: 08:00 – 19:00；星期日: 08:00 – 19:00,121.5537239,25.0828175
台北市,專業貓咪保姆/到府照護/可長期配合/寵物旅館/過年有空/毛小愛平台下單,111台灣臺北市士林區中正路707巷7-1號,5.0,17.0,星期一: 09:00 – 17:00；星期二: 09:00 – 17:00；星期三: 09:00 – 17:00；星期四: 09:00 – 17:00；星期五: 09:00 – 17:00；星期六: 09:00 – 17:00；星期日: 09:00 – 17:00,121.506661,25.08536
台北市,樂牧寵物旅館,242台灣新北市新莊區建興街20號,5.0,152.0,星期一: 11:00 – 21:00；星期二: 11:00 – 21:00；星期三: 11:00 – 21:00；星期四: 11:00 – 21:00；星期五: 11:00 – 21:00；星期六: 11:00 – 21:00；星期日: 11:00 – 21:00,121.4501235,25.0369288
台北市,毛毛窩寵物精品旅館,116台灣臺北市文山區景隆街48號,4.7,115.0,星期一: 10:00 – 22:00；星期二: 10:00 – 22:00；星期三: 10:00 – 22:00；星期四: 10:00 – 22:00；星期五: 10:00 – 22:00；星期六: 10:00 – 22:00；星期日: 10:00 – 22:00,121.5440837,24.9985703
台北市,羅娜寵兒 Rona‘s,105台灣臺北市松山區民生東路五段206-2號1樓,4.9,94.0,星期一: 08:00 – 21:00；星期二: 08:00 – 21:00；星期三: 08:00 – 21:00；星期四: 08:00 – 21:00；星期五: 08:00 – 21:00；星期六: 08:00 – 21:00；星期日: 08:00 – 21:00,121.5647253,25.0587146
台北市,私房貓旅 The Cat Inn．七星級管家式貓咪旅館,241台灣新北市三重區五華街218號1樓,5.0,197.0,星期一: 11:00 – 20:30；星期二: 11:00 – 20:30；星期三: 11:00 – 20:30；星期四: 11:00 – 20:30；星期五: 11:00 – 20:30；星期六: 11:00 – 20:30；星期日: 11:00 – 20:30,121.4878793,25.0869211
台北市,集寵文旅。睡覺間 寵物安親||貓狗住宿|手做鮮食.零食-文山寵物住宿|寵物安親|寵物鮮食|寵物照護|寵物安養|寵物旅館|寵物美容,11645台灣臺北市文山區木柵路二段27號,4.9,56.0,星期一: 10:30 – 19:30；星期二: 10:30 – 19:30；星期三: 10:30 – 19:30；星期四: 10:30 – 19:30；星期五: 10:30 – 19:30；星期六: 10:30 – 19:30；星期日: 10:30 – 19:30,121.559577,24.9888529
台北市,黑鼻子寵物旅館 BlackNose Pet Hotel,112059台灣臺北市北投區自強街164號1樓,4.4,92.0,星期一: 08:30 – 21:00；星期二: 08:30 – 21:00；星期三: 08:30 – 21:00；星期四: 08:30 – 21:00；星期五: 08:30 – 21:00；星期六: 08:30 – 21:00；星期日: 08:30 – 21:00,121.5168859,25.1110205
台北市,淘狗寵物旅館,114台灣臺北市內湖區新明路298巷14弄9號1樓,5.0,6.0,星期一: 07:30 – 20:30；星期二: 07:30 – 20:30；星期三: 07:30 – 20:30；星期四: 07:30 – 20:30；星期五: 07:30 – 20:30；星期六: 09:30 – 20:30；星期日: 09:30 – 20:30,121.5821035,25.0566792
台北市,三毛寵物旅館/三毛寵物美容/貓咪住宿/狗狗美容/狗狗洗澡,234台灣新北市永和区中和路421巷3弄1號1樓,4.7,375.0,星期一: 09:00 – 21:00；星期二: 09:00 – 21:00；星期三: 09:00 – 21:00；星期四: 09:00 – 21:00；星期五: 09:00 – 21:00；星期六: 09:00 – 21:00；星期日: 09:00 – 21:00,121.5089571,25.0008294
台北市,喵森寧貓咪旅館-士林寵物寄宿|貓旅館推薦|貓咪住宿|寵物住宿|貓咪旅館|純貓旅館|在地推薦寵物旅館|貓咪中途,111台灣臺北市士林區士東路37號,5.0,3.0,星期一: 10:00 – 20:00；星期二: 10:00 – 20:00；星期三: 10:00 – 20:00；星期四: 10:00 – 20:00；星期五: 10:00 – 20:00；星期六: 10:00 – 20:00；星期日: 10:00 – 20:00,121.527343,25.1120109
台北市,貓樂園貓旅館,103台灣臺北市大同區民族西路268號1樓,,,星期一: 11:00 – 20:00；星期二: 11:00 – 20:00；星期三: 11:00 – 20:00；星期四: 11:00 – 20:00；星期五: 11:00 – 20:00；星期六: 11:00 – 20:00；星期日: 11:00 – 20:00,121.5118643,25.0685425
台北市,家裏窩寵物旅館 Caliwoof Pet Hotel & Spa (預約制),251台灣新北市淡水區新民街31號,5.0,104.0,星期一: 09:00 – 21:00；星期二: 09:00 – 21:00；星期三: 09:00 – 21:00；星期四: 09:00 – 21:00；星期五: 09:00 – 21:00；星期六: 09:00 – 21:00；星期日: 09:00 – 21:00,121.4390607,25.1755836
台北市,新北市 板橋 澎澎寵物旅館,22052台灣新北市板橋區新生街29巷15弄2號1樓,4.9,379.0,星期一: 11:00 – 20:30；星期二: 11:00 – 20:30；星期三: 11:00 – 20:30；星期四: 11:00 – 20:30；星期五: 11:00 – 20:30；星期六: 11:00 – 20:30；星期日: 11:00 – 20:30,121.4565554,25.0220493
台北市,愛貓成癮 • CAT HOTEL & CAFÉ－五星級頂級貓旅館｜住宿｜貓咪寵物咖啡廳｜台北信義區｜市政府捷運站,110台灣臺北市信義區莊敬路342號2樓,5.0,232.0,星期一: 12:00 – 20:00；星期二: 12:00 – 20:00；星期三: 12:00 – 20:00；星期四: 12:00 – 20:00；星期五: 12:00 – 20:00；星期六: 11:00 – 20:00；星期日: 11:00 – 20:00,121.5640719,25.0277419
台北市,窩日寵物旅館,114台灣臺北市內湖區民權東路六段170號,4.2,381.0,星期一: 09:30 – 21:30；星期二: 09:30 – 21:30；星期三: 09:30 – 21:30；星期四: 09:30 – 21:30；星期五: 09:30 – 21:30；星期六: 09:30 – 21:30；星期日: 09:30 – 21:30,121.5915934,25.0683065
台北市,毛起來住寵物旅館 新北市板橋狗貓住宿,220台灣新北市板橋區富山街89號,4.9,309.0,星期一: 10:00 – 20:00；星期二: 10:00 – 20:00；星期三: 10:00 – 20:00；星期四: 10:00 – 20:00；星期五: 10:00 – 20:00；星期六: 10:00 – 20:00；星期日: 10:00 – 20:00,121.476581,25.0218108
新北市,就甘心Ponpon寵物旅館,10491台灣臺北市中山區新生北路二段60巷16號4樓,5.0,386.0,星期一: 11:00 – 19:00；星期二: 11:00 – 19:00；星期三: 11:00 – 19:00；星期四: 11:00 – 19:00；星期五: 11:00 – 19:00；星期六: 11:00 – 19:00；星期日: 11:00 – 19:00,121.5268032,25.0556688
新北市,毛起來住寵物旅館 新北市板橋狗貓住宿,220台灣新北市板橋區富山街89號,4.9,309.0,星期一: 10:00 – 20:00；星期二: 10:00 – 20:00；星期三: 10:00 – 20:00；星期四: 10:00 – 20:00；星期五: 10:00 – 20:00；星期六: 10:00 – 20:00；星期日: 10:00 – 20:00,121.476581,25.0218108
新北市,24h寵物寄宿/過年有空/到府美容/到府獸醫/到府照護/貓狗保姆/寵物旅館/毛小愛下單保障雙方,103台灣臺北市大同區五原路19號,5.0,12.0,星期一: 24 小時營業；星期二: 24 小時營業；星期三: 24 小時營業；星期四: 24 小時營業；星期五: 24 小時營業；星期六: 24 小時營業；星期日: 24 小時營業,121.5174032,25.0566984
新北市,樂牧寵物旅館,242台灣新北市新莊區建興街20號,5.0,152.0,星期一: 11:00 – 21:00；星期二: 11:00 – 21:00；星期三: 11:00 – 21:00；星期四: 11:00 – 21:00；星期五: 11:00 – 21:00；星期六: 11:00 – 21:00；星期日: 11:00 – 21:00,121.4501235,25.0369288
新北市,三重小庭寵物服務,241台灣新北市三重區重陽路三段176號,5.0,47.0,星期一: 09:00 – 21:00；星期二: 09:00 – 21:00；星期三: 09:00 – 21:00；星期四: 09:00 – 21:00；星期五: 09:00 – 21:00；星期六: 09:00 – 21:00；星期日: 09:00 – 21:00,121.4898315,25.068303
新北市,新北市 板橋 澎澎寵物旅館,22052台灣新北市板橋區新生街29巷15弄2號1樓,4.9,379.0,星期一: 11:00 – 20:30；星期二: 11:00 – 20:30；星期三: 11:00 – 20:30；星期四: 11:00 – 20:30；星期五: 11:00 – 20:30；星期六: 11:00 – 20:30；星期日: 11:00 – 20:30,121.4565554,25.0220493
新北市,MOMO寵物旅館 住宿全天不關籠 開放大空間,241台灣新北市三重區永安北路二段107號1F,4.6,87.0,星期一: 10:00 – 21:00；星期二: 10:00 – 21:00；星期三: 10:00 – 21:00；星期四: 10:00 – 21:00；星期五: 10:00 – 21:00；星期六: 10:00 – 21:00；星期日: 10:00 – 21:00,121.4833335,25.0839361
新北市,逗格寵物旅館DogoHotel,10491台灣臺北市中山區雙城街49巷9-6號1樓,5.0,163.0,星期一: 08:15 – 20:00；星期二: 08:15 – 20:00；星期三: 08:15 – 20:00；星期四: 08:15 – 20:00；星期五: 08:15 – 20:00；星期六: 08:15 – 20:00；星期日: 08:15 – 20:00,121.5250757,25.0680154
新北市,維拉薇菈寵物旅館,242台灣新北市新莊區幸福東路115號,4.7,107.0,星期一: 09:00 – 21:00；星期二: 09:00 – 21:00；星期三: 09:00 – 21:00；星期四: 09:00 – 21:00；星期五: 09:00 – 21:00；星期六: 09:00 – 21:00；星期日: 09:00 – 21:00,121.4614524,25.0491417
新北市,毛寵舒室,242台灣新北市新莊區福德一街76號,4.9,74.0,星期一: 09:00 – 21:00；星期二: 09:00 – 21:00；星期三: 09:00 – 21:00；星期四: 09:00 – 21:00；星期五: 09:00 – 21:00；星期六: 09:00 – 21:00；星期日: 09:00 – 21:00,121.4614532,25.0562582
新北市,貓悅居貓旅館(採預約制),241台灣新北市三重區重陽路三段5巷28-2號,5.0,166.0,星期一: 10:00 – 20:00；星期二: 10:00 – 20:00；星期三: 10:00 – 20:00；星期四: 10:00 – 20:00；星期五: 10:00 – 20:00；星期六: 10:00 – 20:00；星期日: 10:00 – 20:00,121.489839,25.0660168
新北市,Tiere堤柇 寵物住宿/寵物SPA,220台灣新北市板橋區文聖街194號1F,4.6,263.0,星期一: 09:00 – 21:00；星期二: 09:00 – 21:00；星期三: 09:00 – 21:00；星期四: 09:00 – 21:00；星期五: 09:00 – 21:00；星期六: 09:00 – 21:00；星期日: 09:00 – 21:00,121.4795771,25.0264197
新北市,捲尾巴寵物旅宿/新北寵物旅館/永和寵物旅館/狗旅館/狗狗安親/狗狗過夜,234009台灣新北市永和區永平路300號,4.7,42.0,星期一: 休息；星期二: 09:30 – 20:00；星期三: 09:30 – 20:00；星期四: 09:30 – 20:00；星期五: 09:30 – 20:00；星期六: 09:30 – 20:00；星期日: 09:30 – 20:00,121.5074615,25.012394
新北市,私房貓旅 The Cat Inn．七星級管家式貓咪旅館,241台灣新北市三重區五華街218號1樓,5.0,197.0,星期一: 11:00 – 20:30；星期二: 11:00 – 20:30；星期三: 11:00 – 20:30；星期四: 11:00 – 20:30；星期五: 11:00 – 20:30；星期六: 11:00 – 20:30；星期日: 11:00 – 20:30,121.4878793,25.0869211
新北市,呼嚕嚕貓旅,241台灣新北市三重區重新路三段26號,5.0,15.0,星期一: 11:30 – 20:30；星期二: 11:30 – 20:30；星期三: 11:30 – 20:30；星期四: 11:30 – 20:30；星期五: 11:30 – 20:30；星期六: 11:30 – 20:30；星期日: 11:30 – 20:30,121.4948184,25.0613244
新北市,兔子在家,241台灣新北市三重區集美街247巷35號7樓,4.9,157.0,星期一: 09:30 – 21:30；星期二: 09:30 – 21:30；星期三: 09:30 – 21:30；星期四: 09:30 – 21:30；星期五: 09:30 – 21:30；星期六: 09:30 – 21:30；星期日: 09:30 – 21:30,121.4929694,25.054526
新北市,貓僕舍複合式貓旅館,10362台灣臺北市大同區重慶北路三段73號,4.9,52.0,星期一: 10:30 – 19:00；星期二: 10:30 – 19:00；星期三: 10:30 – 19:00；星期四: 10:30 – 19:00；星期五: 10:30 – 19:00；星期六: 11:00 – 19:00；星期日: 11:00 – 19:00,121.5138623,25.0664411
新北市,【米兔旅店】兔子住宿-寵物旅館,103台灣臺北市大同區酒泉街105號,5.0,228.0,星期一: 08:00 – 20:00；星期二: 08:00 – 20:00；星期三: 08:00 – 20:00；星期四: 08:00 – 20:00；星期五: 08:00 – 20:00；星期六: 08:00 – 20:00；星期日: 08:00 – 20:00,121.5152486,25.0721397
新北市,寵樂寵物旅館,247台灣新北市蘆洲區永樂街75號,4.9,45.0,星期一: 12:00 – 21:00；星期二: 12:00 – 21:00；星期三: 12:00 – 21:00；星期四: 12:00 – 21:00；星期五: 12:00 – 21:00；星期六: 12:00 – 21:00；星期日: 12:00 – 21:00,121.456224,25.0886513
新北市,卡哇伊寵物旅館,241台灣新北市三重區力行路一段153巷2號,4.3,99.0,星期一: 11:00 – 19:00；星期二: 休息；星期三: 11:00 – 19:00；星期四: 11:00 – 19:00；星期五: 11:00 – 19:00；星期六: 11:00 – 19:00；星期日: 11:00 – 19:00,121.4853576,25.06883
新北市,啪啾寵物旅館Pet-Chi Doggy Hotel,234台灣新北市永和區永貞路53號1,4.8,24.0,星期一: 休息；星期二: 11:00 – 21:00；星期三: 11:00 – 21:00；星期四: 11:00 – 21:00；星期五: 11:00 – 21:00；星期六: 11:00 – 21:00；星期日: 11:00 – 21:00,121.519256,25.00445
新北市,麻糬阿木接待所,247台灣新北市蘆洲區中山一路120巷19號,5.0,177.0,星期一: 10:00 – 21:00；星期二: 10:00 – 21:00；星期三: 10:00 – 21:00；星期四: 10:00 – 21:00；星期五: 10:00 – 21:00；星期六: 10:00 – 21:00；星期日: 10:00 – 21:00,121.4778488,25.0819936
新北市,Amazing Dog 好狗狗｜寵物訓練｜寵物旅館,235024台灣新北市中和區中原街106號,5.0,71.0,星期一: 09:00 – 20:00；星期二: 09:00 – 20:00；星期三: 09:00 – 20:00；星期四: 09:00 – 20:00；星期五: 09:00 – 20:00；星期六: 09:00 – 20:00；星期日: 09:00 – 20:00,121.4869605,25.0102729
新北市,好好寵物旅館,24251台灣新北市新莊區中央路108號,4.9,164.0,星期一: 08:00 – 21:00；星期二: 08:00 – 21:00；星期三: 08:00 – 21:00；星期四: 08:00 – 21:00；星期五: 08:00 – 21:00；星期六: 08:00 – 21:00；星期日: 08:00 – 21:00,121.4568751,25.0591243
新北市,狗勾寓所 |板橋寵物旅館| 寵物安親| 寵物美容| dogsretreat |,220台灣新北市板橋區合宜路131號,5.0,89.0,星期一: 09:00 – 21:00；星期二: 09:00 – 21:00；星期三: 09:00 – 21:00；星期四: 09:00 – 21:00；星期五: 09:00 – 21:00；星期六: 09:00 – 21:00；星期日: 09:00 – 21:00,121.4472585,24.9980235
新北市,星空貓旅,220台灣新北市板橋區長江路一段136巷10號,5.0,52.0,星期一: 09:30 – 22:00；星期二: 09:30 – 22:00；星期三: 09:30 – 22:00；星期四: 09:30 – 22:00；星期五: 09:30 – 22:30；星期六: 09:30 – 22:00；星期日: 09:30 – 22:00,121.4606799,25.0295607
新北市,MaAh喵品行旅 貓咪旅館｜住宿安親,220台灣新北市板橋區合宜路217號,5.0,63.0,星期一: 11:30 – 19:30；星期二: 11:30 – 19:30；星期三: 11:30 – 19:30；星期四: 11:30 – 19:30；星期五: 11:30 – 19:30；星期六: 11:30 – 19:30；星期日: 11:30 – 19:30,121.4467727,24.998138
新北市,宅貓寓所貓旅館,235台灣新北市中和區中山路三段20號1樓,5.0,147.0,星期一: 11:00 – 20:00；星期二: 11:00 – 20:00；星期三: 11:00 – 20:00；星期四: 11:00 – 20:00；星期五: 11:00 – 20:00；星期六: 11:00 – 20:00；星期日: 11:00 – 20:00,121.4795019,25.0062529
新北市,熊讚寵物精緻旅館,220台灣新北市板橋區館前西路120號2樓,4.8,61.0,星期一: 11:00 – 21:00；星期二: 11:00 – 21:00；星期三: 11:00 – 21:00；星期四: 11:00 – 21:00；星期五: 11:00 – 21:00；星期六: 11:00 – 21:00；星期日: 11:00 – 21:00,121.4568787,25.0075903
新北市,寵物有珈spa旅館,247台灣新北市蘆洲區集賢路224巷39-1號1樓,4.9,255.0,星期一: 10:00 – 18:30；星期二: 10:00 – 18:30；星期三: 休息；星期四: 休息；星期五: 10:00 – 18:30；星期六: 10:00 – 18:30；星期日: 10:00 – 18:30,121.4802516,25.0882479
新北市,喵屋日和 Meow house-板橋寵物住宿|寵物寄宿|貓咪寄宿|貓旅館推薦|貓咪住宿|寵物旅館|貓咪旅館|純貓旅館,"No. 13, 合宜路板橋區新北市台灣 220",5.0,2.0,星期一: 09:00 – 21:00；星期二: 09:00 – 21:00；星期三: 09:00 – 21:00；星期四: 09:00 – 21:00；星期五: 09:00 – 21:00；星期六: 09:00 – 21:00；星期日: 09:00 – 21:00,121.4458296,24.9957717
新北市,享日子寵物旅館/狗狗安親住宿/鮮食/沐浴spa,242台灣新北市新莊區昌盛街65巷2弄2號,4.6,190.0,星期一: 09:00 – 20:00；星期二: 09:00 – 20:00；星期三: 09:00 – 20:00；星期四: 09:00 – 20:00；星期五: 09:00 – 20:00；星期六: 09:00 – 20:00；星期日: 09:00 – 20:00,121.4550127,25.0503061
新北市,洛芙寵物旅館 Loft Dog Hotel,241台灣新北市三重區吉祥街6號,4.5,89.0,星期一: 09:00 – 21:00；星期二: 09:00 – 21:00；星期三: 09:00 – 21:00；星期四: 09:00 – 21:00；星期五: 09:00 – 21:00；星期六: 09:00 – 21:00；星期日: 09:00 – 21:00,121.4891836,25.0890122
新北市,安心貓狗照護/特寵到府照護/高齡犬貓照護/寵物旅館預約/陪同就醫/加line諮詢,24156台灣新北市三重區永福街72巷11號,5.0,2.0,星期一: 24 小時營業；星期二: 24 小時營業；星期三: 24 小時營業；星期四: 24 小時營業；星期五: 24 小時營業；星期六: 24 小時營業；星期日: 24 小時營業,121.4794251,25.0767056
新北市,Go house寵物旅館,220台灣新北市板橋區仁化街42巷5弄1號,5.0,11.0,星期一: 10:00 – 20:00；星期二: 10:00 – 20:00；星期三: 10:00 – 20:00；星期四: 10:00 – 20:00；星期五: 10:00 – 20:00；星期六: 11:00 – 20:00；星期日: 11:00 – 20:00,121.4755103,25.0315558
新北市,艾許莉摸摸-Ashley's petting zoo｜毛孩。到府照顧。陪伴散步｜,235台灣新北市中和區景平路155號,5.0,36.0,星期一: 09:00 – 21:00；星期二: 09:00 – 21:00；星期三: 09:00 – 21:00；星期四: 09:00 – 21:00；星期五: 09:00 – 21:00；星期六: 09:00 – 21:00；星期日: 09:00 – 21:00,121.5134923,24.9921157
新北市,三毛寵物旅館/三毛寵物美容/貓咪住宿/狗狗美容/狗狗洗澡,234台灣新北市永和区中和路421巷3弄1號1樓,4.7,375.0,星期一: 09:00 – 21:00；星期二: 09:00 – 21:00；星期三: 09:00 – 21:00；星期四: 09:00 – 21:00；星期五: 09:00 – 21:00；星期六: 09:00 – 21:00；星期日: 09:00 – 21:00,121.5089571,25.0008294
新北市,Dora朵菈寵物旅館,24250台灣新北市新莊區思源路166巷41號,4.9,26.0,星期一: 11:00 – 21:00；星期二: 11:00 – 21:00；星期三: 休息；星期四: 11:00 – 21:00；星期五: 11:00 – 21:00；星期六: 休息；星期日: 11:00 – 21:00,121.4613614,25.0479996
新北市,胖狗屋寵物旅館,234台灣新北市永和區永貞路85號,4.8,74.0,星期一: 11:00 – 21:00；星期二: 11:00 – 21:00；星期三: 11:00 – 21:00；星期四: 11:00 – 21:00；星期五: 11:00 – 21:00；星期六: 11:00 – 21:00；星期日: 11:00 – 21:00,121.51844,25.0043108
新北市,家裏窩寵物旅館 Caliwoof Pet Hotel & Spa (預約制),251台灣新北市淡水區新民街31號,5.0,104.0,星期一: 09:00 – 21:00；星期二: 09:00 – 21:00；星期三: 09:00 – 21:00；星期四: 09:00 – 21:00；星期五: 09:00 – 21:00；星期六: 09:00 – 21:00；星期日: 09:00 – 21:00,121.4390607,25.1755836
新北市,阿吉的家貓咪旅館（預約制）,242台灣新北市新莊區新興街26號1樓,4.9,168.0,星期一: 12:00 – 19:00；星期二: 12:00 – 19:00；星期三: 12:00 – 19:00；星期四: 12:00 – 19:00；星期五: 12:00 – 19:00；星期六: 12:00 – 19:00；星期日: 12:00 – 19:00,121.4507849,25.0368227
新北市,Star Cats Hotel 星寵貓旅 ｜貓咪住宿｜洗澡美容｜貓咪美容｜碳酸SPA,236台灣新北市土城區青雲路185之1號,4.9,223.0,星期一: 11:30 – 21:00；星期二: 11:30 – 21:00；星期三: 11:30 – 21:00；星期四: 11:30 – 21:00；星期五: 11:30 – 21:00；星期六: 11:30 – 21:00；星期日: 11:30 – 21:00,121.4594601,24.9826061
新北市,Very旺寵物旅館 VW pet hotel,105台灣臺北市松山區八德路二段429號2樓,4.4,314.0,星期一: 08:30 – 20:00；星期二: 08:30 – 20:00；星期三: 08:30 – 20:00；星期四: 08:30 – 20:00；星期五: 08:30 – 20:00；星期六: 08:30 – 20:00；星期日: 08:30 – 20:00,121.5466462,25.0483138
新北市,Paws Fun 住好玩,"No. 14-1號, 環河路新店區新北市台灣 231",4.7,238.0,星期一: 11:00 – 19:00；星期二: 11:00 – 19:00；星期三: 11:00 – 19:00；星期四: 11:00 – 19:00；星期五: 11:00 – 19:00；星期六: 11:00 – 19:00；星期日: 11:00 – 19:00,121.537912,24.961838
新北市,GuGu House 寵物旅館,10462台灣臺北市中山區敬業一路160號,4.7,72.0,星期一: 10:00 – 20:00；星期二: 10:00 – 20:00；星期三: 10:00 – 20:00；星期四: 10:00 – 20:00；星期五: 10:00 – 20:00；星期六: 10:00 – 20:00；星期日: 10:00 – 20:00,121.5531642,25.0839287
新北市,毛寓所寵物美容旅店,220100台灣新北市板橋區溪北路30號,4.9,197.0,星期一: 10:00 – 19:30；星期二: 10:00 – 19:30；星期三: 休息；星期四: 休息；星期五: 10:00 – 19:30；星期六: 10:00 – 19:30；星期日: 10:00 – 19:30,121.4269557,24.9902512
新北市,LIKE 寵物沒有住宿,247台灣新北市蘆洲區三民路593號1樓,4.7,78.0,星期一: 10:00 – 21:00；星期二: 10:00 – 21:00；星期三: 10:00 – 21:00；星期四: 10:00 – 21:00；星期五: 10:00 – 21:00；星期六: 10:00 – 21:00；星期日: 10:00 – 21:00,121.461048,25.0934755
新北市,大大寵物旅館,221台灣新北市汐止區汐萬路一段19號,4.8,88.0,星期一: 09:00 – 20:00；星期二: 休息；星期三: 09:00 – 20:00；星期四: 09:00 – 20:00；星期五: 09:00 – 20:00；星期六: 09:00 – 20:00；星期日: 09:00 – 20:00,121.6558796,25.0675824
新北市,聊聊貓旅館,242台灣新北市新莊區中和街155巷30號1樓,4.9,51.0,星期一: 11:00 – 18:00；星期二: 11:00 – 18:00；星期三: 11:00 – 18:00；星期四: 11:00 – 18:00；星期五: 11:00 – 18:00；星期六: 11:00 – 18:00；星期日: 11:00 – 18:00,121.446408,25.049797
新北市,DOMO PET HOUSE,220台灣新北市板橋區永豐街51號,4.9,211.0,星期一: 休息；星期二: 10:00 – 19:00；星期三: 10:00 – 19:00；星期四: 10:00 – 19:00；星期五: 10:00 – 19:00；星期六: 10:00 – 19:00；星期日: 10:00 – 18:00,121.4740486,25.0178403
新北市,巴蒂寵物旅店 BUDDY pet hotel & salon,220台灣新北市板橋區文化路一段136巷10號,4.6,92.0,星期一: 休息；星期二: 10:00 – 20:00；星期三: 10:00 – 20:00；星期四: 10:00 – 20:00；星期五: 10:00 – 20:00；星期六: 10:00 – 20:00；星期日: 10:00 – 20:00,121.465805,25.018542
新北市,Mini Boarding House 寵物旅館-[為維持服務品質，本館採全面預約制，不接受當日預約，參觀亦需提前預約],252台灣新北市三芝區號,4.9,339.0,"星期一: 09:30 – 12:00, 14:00 – 21:30；星期二: 09:30 – 12:00, 14:00 – 21:30；星期三: 09:30 – 12:00, 14:00 – 21:30；星期四: 09:30 – 12:00, 14:00 – 21:30；星期五: 09:30 – 12:00, 14:00 – 21:30；星期六: 09:30 – 12:00, 14:00 – 21:30；星期日: 09:30 – 12:00, 14:00 – 21:30",121.4604782,25.2471724
新北市,好窩沙龍,234台灣新北市永和區中正路512號,4.6,104.0,星期一: 09:00 – 21:00；星期二: 09:00 – 21:00；星期三: 09:00 – 21:00；星期四: 09:00 – 21:00；星期五: 09:00 – 21:00；星期六: 09:00 – 21:00；星期日: 09:00 – 21:00,121.5173621,25.0049066
新北市,蘆洲福貓-貓咪旅館,247台灣新北市蘆洲區永安南路二段98號,5.0,91.0,星期一: 09:00 – 21:00；星期二: 09:00 – 21:00；星期三: 09:00 – 21:00；星期四: 09:00 – 21:00；星期五: 09:00 – 21:00；星期六: 09:00 – 21:00；星期日: 09:00 – 21:00,121.4633188,25.0781734
新北市,貓肥家貓咪旅館 / 板橋新埔,220台灣新北市板橋區文化路二段45號,4.9,273.0,星期一: 13:00 – 20:30；星期二: 13:00 – 20:30；星期三: 13:00 – 20:30；星期四: 13:00 – 20:30；星期五: 13:00 – 20:30；星期六: 13:00 – 20:30；星期日: 13:00 – 20:30,121.4689623,25.0251452
新北市,醬心寵物旅行館,247台灣新北市蘆洲區永平街32巷45弄14號1樓,4.7,29.0,星期一: 11:00 – 22:00；星期二: 11:00 – 22:00；星期三: 11:00 – 22:00；星期四: 11:00 – 22:00；星期五: 11:00 – 22:00；星期六: 11:00 – 22:00；星期日: 11:00 – 22:00,121.459248,25.0927278
新北市,貓の行館 貓旅館（預約制）,241台灣新北市三重區忠孝路二段79號,4.9,138.0,未提供,121.4844424,25.0703648
新北市,Neko house 享窩窩貓旅工作室,"1f No. 10號, 長江路一段136巷板橋區新北市台灣 220",5.0,362.0,星期一: 08:30 – 22:30；星期二: 08:30 – 22:30；星期三: 08:30 – 22:30；星期四: 08:30 – 22:30；星期五: 08:30 – 22:30；星期六: 08:30 – 22:30；星期日: 08:30 – 22:30,121.4606801,25.0295608
新北市,貓羅紀．純貓旅館（三重貓旅館）,241041台灣新北市三重區重陽路二段61號1樓,5.0,16.0,星期一: 11:30 – 20:30；星期二: 11:30 – 20:30；星期三: 11:30 – 20:30；星期四: 11:30 – 20:30；星期五: 11:30 – 20:30；星期六: 11:30 – 20:30；星期日: 11:30 – 20:30,121.4874778,25.0635219
新北市,miya-甜蜜貓旅店,234台灣新北市永和區永和路二段228號3F,5.0,142.0,星期一: 12:00 – 21:00；星期二: 12:00 – 21:00；星期三: 12:00 – 21:00；星期四: 12:00 – 21:00；星期五: 12:00 – 21:00；星期六: 12:00 – 21:00；星期日: 12:00 – 21:00,121.5157732,25.0142983
桃園市,嗨寵物們航站旅館,338台灣桃園市蘆竹區南山路一段125號之1,5.0,39.0,星期一: 24 小時營業；星期二: 24 小時營業；星期三: 24 小時營業；星期四: 24 小時營業；星期五: 24 小時營業；星期六: 24 小時營業；星期日: 24 小時營業,121.290121,25.0556932
桃園市,快樂尾巴寵物旅館,330台灣桃園市桃園區中正路348號1樓,4.7,90.0,星期一: 09:00 – 21:00；星期二: 09:00 – 21:00；星期三: 09:00 – 21:00；星期四: 09:00 – 21:00；星期五: 09:00 – 21:00；星期六: 09:00 – 21:00；星期日: 09:00 – 21:00,121.3087764,24.9984232
桃園市,溫叨｜桃園寵物美容 桃園寵物旅館 桃園寵物安親 桃園洗貓 桃園洗狗 桃園寵物住宿,330台灣桃園市桃園區大連四街16號,5.0,24.0,星期一: 10:00 – 21:00；星期二: 10:00 – 21:00；星期三: 10:00 – 21:00；星期四: 10:00 – 21:00；星期五: 10:00 – 21:00；星期六: 10:00 – 21:00；星期日: 10:00 – 21:00,121.3051504,25.0085829
桃園市,悠遊寵物旅館,328台灣桃園市觀音區福坪路195巷100號,4.7,400.0,"星期一: 10:00 – 12:00, 13:00 – 15:00, 17:00 – 20:00, 21:00 – 21:30；星期二: 10:00 – 12:00, 13:00 – 15:00, 17:00 – 20:00, 21:00 – 21:30；星期三: 10:00 – 12:00, 13:00 – 15:00, 17:00 – 20:00, 21:00 – 21:30；星期四: 10:00 – 12:00, 13:00 – 15:00, 17:00 – 20:00, 21:00 – 21:30；星期五: 10:00 – 12:00, 13:00 – 15:00, 17:00 – 20:00, 21:00 – 21:30；星期六: 10:00 – 12:00, 13:00 – 15:00, 17:00 – 20:00, 21:00 – 21:30；星期日: 10:00 – 12:00, 13:00 – 15:00, 17:00 – 20:00, 21:00 – 21:30",121.158963,25.0073946
桃園市,柴町寵物旅舍(全預約制),330台灣桃園市桃園區文中路10號,4.9,106.0,星期一: 09:30 – 20:00；星期二: 09:30 – 20:00；星期三: 休息；星期四: 09:30 – 20:00；星期五: 09:30 – 20:00；星期六: 09:30 – 20:00；星期日: 09:30 – 20:00,121.2944541,24.9961634
桃園市,花ni萌寵物旅館-八德貓咪住宿|貓咪包月寄宿|寵物住宿|狗狗保姆|小型犬安親住宿|狗狗美容,334台灣桃園市八德區永福西街32巷3號,4.9,76.0,星期一: 10:30 – 19:30；星期二: 10:30 – 19:30；星期三: 10:30 – 19:30；星期四: 10:30 – 19:30；星期五: 10:30 – 19:30；星期六: 10:30 – 19:30；星期日: 10:30 – 19:30,121.2983676,24.963037
桃園市,萊恩寵物沙龍精品旅館-桃園寵物美容|寵物鮮食|寵物洗澡|寵物安親|貓狗住宿|寵物住宿|寵物旅館|在地推薦寵物店,330台灣桃園市桃園區民族路199-2號,4.8,193.0,星期一: 10:00 – 19:00；星期二: 10:00 – 19:00；星期三: 10:00 – 19:00；星期四: 10:00 – 19:00；星期五: 10:00 – 19:00；星期六: 10:00 – 19:00；星期日: 10:00 – 19:00,121.3075656,24.9944892
桃園市,彩萌寵物會館(美容、安親、住宿)-蘆竹寵物美容|南崁寵物住宿|寵物洗澡|寵物旅館|寵物安親|貓貓洗澡|寵物沙龍|寵物寄宿,338台灣桃園市蘆竹區南竹路二段53號,4.9,141.0,星期一: 09:00 – 20:00；星期二: 休息；星期三: 09:00 – 20:00；星期四: 09:00 – 20:00；星期五: 09:00 – 20:00；星期六: 09:00 – 20:00；星期日: 09:00 – 20:00,121.2859179,25.0420865
桃園市,布居寵物生活別館,330台灣桃園市桃園區同安街576號1F,4.8,487.0,星期一: 11:00 – 21:00；星期二: 11:00 – 21:00；星期三: 11:00 – 21:00；星期四: 11:00 – 21:00；星期五: 11:00 – 21:00；星期六: 11:00 – 21:00；星期日: 11:00 – 21:00,121.2988863,25.0225278
桃園市,家ᴥ毛孩ᴥ療癒旅館｜全預約制｜,330台灣桃園市桃園區保定三街89巷1號,5.0,47.0,星期一: 09:00 – 20:00；星期二: 09:00 – 20:00；星期三: 09:00 – 20:00；星期四: 09:00 – 20:00；星期五: 09:00 – 20:00；星期六: 09:00 – 20:00；星期日: 09:00 – 20:00,121.2982559,24.9979936
桃園市,DoDo寵物沙龍旅館(全預約制，任何服務皆需提前預約),328台灣桃園市觀音區德一街92號,5.0,75.0,星期一: 11:00 – 19:00；星期二: 11:00 – 19:00；星期三: 11:00 – 19:00；星期四: 休息；星期五: 11:00 – 19:00；星期六: 11:00 – 19:00；星期日: 11:00 – 19:00,121.1377406,25.046204
桃園市,吉兒溫馨貓館-桃園寵物住宿 桃園貓旅館 桃園貓住宿 桃園貓旅館推薦 中壢貓旅館 中壢貓住宿,330台灣桃園市桃園區民有六街12號,4.9,215.0,星期一: 11:00 – 20:00；星期二: 11:00 – 20:00；星期三: 11:00 – 20:00；星期四: 11:00 – 20:00；星期五: 11:00 – 20:00；星期六: 11:00 – 20:00；星期日: 休息,121.3203636,25.0066196
桃園市,汪家寵物旅館,330台灣桃園市桃園區民族路148號,5.0,9.0,星期一: 10:00 – 19:00；星期二: 10:00 – 19:00；星期三: 10:00 – 19:00；星期四: 10:00 – 19:00；星期五: 10:00 – 19:00；星期六: 10:00 – 19:00；星期日: 10:00 – 19:00,121.3086296,24.9936741
桃園市,花居寵物生活別館,330台灣桃園市桃園區中正三街389號,4.6,293.0,星期一: 09:00 – 20:00；星期二: 09:00 – 20:00；星期三: 09:00 – 20:00；星期四: 09:00 – 20:00；星期五: 09:00 – 20:00；星期六: 09:00 – 20:00；星期日: 09:00 – 20:00,121.2991164,25.0025685
桃園市,悠遊貓旅,337台灣桃園市大園區致祥三街36號,4.9,184.0,星期一: 11:00 – 20:00；星期二: 11:00 – 20:00；星期三: 11:00 – 20:00；星期四: 11:00 – 20:00；星期五: 11:00 – 20:00；星期六: 11:00 – 20:00；星期日: 11:00 – 20:00,121.211505,25.0079942
桃園市,均禾貓旅,"No. 12號, 新埔七街168巷桃園區桃園市台灣 330",5.0,76.0,星期一: 09:30 – 19:30；星期二: 09:30 – 19:30；星期三: 休息；星期四: 09:30 – 19:30；星期五: 09:30 – 19:30；星期六: 09:30 – 19:30；星期日: 09:30 – 19:30,121.3006995,25.0230149
桃園市,毛毛寵屋－桃園平鎮｜寵物旅館推薦 熱門人氣 複合式寵物住宿 專業 老犬日間照顧好評 寵物洗澡 美容評價 寵物安親寄宿 價格 寵物沙龍 高CP值 貓咪狗狗糧食 飼料玩具 貓咪不關籠住宿 大型犬住宿,324台灣桃園市平鎮區民族路二段193巷57號,5.0,20.0,星期一: 10:00 – 19:00；星期二: 休息；星期三: 10:00 – 19:00；星期四: 10:00 – 19:00；星期五: 10:00 – 19:00；星期六: 10:00 – 19:00；星期日: 10:00 – 19:00,121.2038585,24.9548814
桃園市,阿曼達寵物精品旅館（平鎮館）,32458台灣桃園市平鎮區上海路311號,4.7,204.0,星期一: 09:30 – 20:00；星期二: 09:30 – 20:00；星期三: 09:30 – 20:00；星期四: 09:30 – 20:00；星期五: 09:30 – 20:00；星期六: 09:30 – 20:00；星期日: 09:30 – 20:00,121.2059375,24.9164557
桃園市,捲毛叔叔寵物美容旅館-中壢旗艦館|24小時家長遠端即時監控|24小時開放式寵物住宿|24小時寵物褓姆|2樓純貓咪美容住宿旅館|不關籠|寵物安親評價|皮膚改善|寵物商品|寵物接送|幼犬社會化|寵物美容|包月推薦|中壢桃園八德平鎮楊梅龍潭青埔寵物美容住宿,320台灣桃園市中壢區環中東路二段694號,4.7,552.0,星期一: 10:00 – 20:00；星期二: 10:00 – 20:00；星期三: 10:00 – 20:00；星期四: 10:00 – 20:00；星期五: 10:00 – 20:00；星期六: 10:00 – 20:00；星期日: 10:00 – 20:00,121.2286759,24.9442146
桃園市,Nu Nu House寵物美容•旅館,330台灣桃園市桃園區中原路9號,4.7,46.0,星期一: 10:00 – 19:00；星期二: 10:00 – 19:00；星期三: 10:00 – 19:00；星期四: 10:00 – 19:00；星期五: 10:00 – 19:00；星期六: 10:00 – 19:00；星期日: 10:00 – 19:00,121.3026357,24.9923206
桃園市,阿曼達寵物精品旅館《龍潭館》,325台灣桃園市龍潭區中正路331-1號,5.0,15.0,星期一: 10:00 – 18:00；星期二: 10:00 – 18:00；星期三: 10:00 – 18:00；星期四: 10:00 – 18:00；星期五: 10:00 – 18:00；星期六: 10:00 – 18:00；星期日: 10:00 – 18:00,121.2181037,24.8612426
桃園市,好萌好猛 寵物旅館,320台灣桃園市中壢區永泰路151號,4.7,15.0,未提供,121.2036034,25.0103157
桃園市,森棲棲非犬貓精品旅館(預約制),320台灣桃園市中壢區環中東路673號,5.0,32.0,星期一: 09:00 – 21:00；星期二: 09:00 – 21:00；星期三: 09:00 – 21:00；星期四: 09:00 – 21:00；星期五: 09:00 – 21:00；星期六: 09:00 – 21:00；星期日: 09:00 – 21:00,121.2464048,24.9556527
桃園市,鸚鵡客棧（線上預約制）,338台灣桃園市蘆竹區圳佳路8號,5.0,254.0,星期一: 10:00 – 22:00；星期二: 10:00 – 22:00；星期三: 10:00 – 22:00；星期四: 10:00 – 22:00；星期五: 10:00 – 22:00；星期六: 10:00 – 22:00；星期日: 10:00 – 22:00,121.2973869,25.0436903
桃園市,毛寵舒室,242台灣新北市新莊區福德一街76號,4.9,74.0,星期一: 09:00 – 21:00；星期二: 09:00 – 21:00；星期三: 09:00 – 21:00；星期四: 09:00 – 21:00；星期五: 09:00 – 21:00；星期六: 09:00 – 21:00；星期日: 09:00 – 21:00,121.4614532,25.0562582
桃園市,愛犬當家寵物美容旅館,324台灣桃園市平鎮區中庸路116巷3號,4.9,115.0,星期一: 10:00 – 19:00；星期二: 10:00 – 19:00；星期三: 10:00 – 19:00；星期四: 休息；星期五: 10:00 – 19:00；星期六: 10:00 – 19:00；星期日: 10:00 – 19:00,121.2077346,24.9137535
桃園市,牠說寵物生活館/美容 住宿 安親,334台灣桃園市八德區金和路85號,4.9,101.0,星期一: 09:00 – 19:00；星期二: 09:00 – 19:00；星期三: 休息；星期四: 09:00 – 19:00；星期五: 09:00 – 19:00；星期六: 09:00 – 19:00；星期日: 09:00 – 19:00,121.2959339,24.9548169
桃園市,小森林寵物美容旅館,324台灣桃園市平鎮區環南路二段28號,4.3,291.0,星期一: 11:00 – 20:00；星期二: 11:00 – 20:00；星期三: 11:00 – 20:00；星期四: 11:00 – 20:00；星期五: 11:00 – 20:00；星期六: 11:00 – 20:00；星期日: 11:00 – 20:00,121.2094856,24.9437969
桃園市,免睏寵物樂園(美容/住宿/安親/用品),320台灣桃園市中壢區高鐵北路二段97號,4.8,232.0,星期一: 11:00 – 20:00；星期二: 11:00 – 20:00；星期三: 11:00 – 20:00；星期四: 11:00 – 20:00；星期五: 11:00 – 20:00；星期六: 11:00 – 20:00；星期日: 11:00 – 20:00,121.219696,25.018597
桃園市,豬鼻子寵物旅館,338台灣桃園市蘆竹區豪登一街166-1號,4.8,18.0,星期一: 09:30 – 21:30；星期二: 09:30 – 21:30；星期三: 09:30 – 21:30；星期四: 09:30 – 21:00；星期五: 09:30 – 21:30；星期六: 09:30 – 21:30；星期日: 09:30 – 21:30,121.2582269,25.017861
桃園市,喵喵屋貓咪旅館（桃園機場渡假館）,33842台灣桃園市蘆竹區海山路一段79號,4.8,62.0,星期一: 12:00 – 18:00；星期二: 12:00 – 18:00；星期三: 12:00 – 18:00；星期四: 12:00 – 18:00；星期五: 12:00 – 18:00；星期六: 12:00 – 18:00；星期日: 12:00 – 18:00,121.2678252,25.0930838
桃園市,動物派對寵物沙龍旅館（肌膚問題專門）｜寵物美容推薦｜寵物店–寵物美容–寵物旅館–寵物住宿｜貓咪住宿旅館｜兔子住宿旅館–兔子洗澡美容｜刺蝟天竺鼠洗澡住宿旅館,330台灣桃園市桃園區經國路208巷22號1樓,4.5,104.0,星期一: 休息；星期二: 休息；星期三: 10:00 – 18:00；星期四: 10:00 – 18:00；星期五: 10:00 – 18:00；星期六: 10:00 – 18:00；星期日: 10:00 – 18:00,121.3057774,25.0179119
桃園市,小森林純貓美容旅館,334台灣桃園市八德區豐德路326號,4.3,141.0,星期一: 11:00 – 20:00；星期二: 休息；星期三: 11:00 – 20:00；星期四: 11:00 – 20:00；星期五: 11:00 – 20:00；星期六: 11:00 – 20:00；星期日: 11:00 – 20:00,121.2872418,24.9254389
桃園市,喵德渡假貓旅館,330台灣桃園市桃園區南華街93巷41號1樓,5.0,52.0,星期一: 11:00 – 21:00；星期二: 休息；星期三: 11:00 – 21:00；星期四: 11:00 – 21:00；星期五: 11:00 – 21:00；星期六: 11:00 – 21:00；星期日: 11:00 – 21:00,121.306947,24.9907374
桃園市,DOTEL寵物旅館,337台灣桃園市大園區五青路183巷53號,4.5,41.0,星期一: 10:00 – 18:00；星期二: 10:00 – 18:00；星期三: 10:00 – 18:00；星期四: 10:00 – 18:00；星期五: 10:00 – 18:00；星期六: 10:00 – 18:00；星期日: 10:00 – 18:00,121.2358223,25.0189497
桃園市,喵嗚貓咪旅館（全預約制，預約時間僅保留十分鐘，敬請準時抵達）,330台灣桃园市桃園區昆明路250號1F,5.0,27.0,星期一: 10:30 – 20:30；星期二: 10:30 – 20:30；星期三: 10:30 – 20:30；星期四: 10:30 – 20:30；星期五: 10:30 – 20:30；星期六: 10:30 – 20:30；星期日: 10:30 – 20:30,121.3123439,24.9847553
桃園市,樂活寵物居家生活館-犬貓寵物美容SPA 不關籠安親住宿 24小時保姆照護 精緻剪毛 手工吹整,338104台灣桃园市芦竹区中山北街89號1樓,4.9,103.0,星期一: 09:30 – 21:00；星期二: 09:30 – 21:00；星期三: 09:30 – 21:00；星期四: 09:30 – 21:00；星期五: 09:30 – 21:00；星期六: 09:30 – 21:00；星期日: 09:30 – 21:00,121.302137,25.051991
桃園市,奇優達寵物生活館,330台灣桃園市桃園區國際路二段194號1-2樓,4.9,42.0,星期一: 10:00 – 20:00；星期二: 10:00 – 20:00；星期三: 10:00 – 20:00；星期四: 10:00 – 20:00；星期五: 10:00 – 20:00；星期六: 10:00 – 20:00；星期日: 10:00 – 20:00,121.2880617,24.9951492
桃園市,901寵物生活SPA旅館,330台灣桃園市桃園區經國路221號,4.6,44.0,星期一: 11:00 – 20:00；星期二: 11:00 – 20:00；星期三: 休息；星期四: 11:00 – 20:00；星期五: 11:00 – 20:00；星期六: 11:00 – 20:00；星期日: 11:00 – 20:00,121.3077404,25.0122092
桃園市,Uni有你寵物美學沙龍（附設狗狗旅館,330台灣桃園市桃園區國豐三街203號1樓,5.0,37.0,星期一: 10:30 – 19:00；星期二: 10:30 – 19:00；星期三: 10:30 – 19:00；星期四: 休息；星期五: 10:30 – 19:00；星期六: 10:30 – 19:00；星期日: 10:30 – 19:00,121.2780047,24.9923413
桃園市,小毛頭寵物沙龍旅館-桃園寵物洗澡|寵物美容師|寵物安親|寵物沙龍|貓狗旅館|寵物住宿|寵物旅館|貓狗美容,330台灣桃園市桃園區文中三路60號1樓,5.0,21.0,星期一: 11:00 – 20:00；星期二: 11:00 – 20:00；星期三: 11:00 – 20:00；星期四: 11:00 – 20:00；星期五: 11:00 – 20:00；星期六: 11:00 – 20:00；星期日: 11:00 – 20:00,121.2887927,24.9971635
桃園市,龍慈寵物spa/中壢貓住宿,320台灣桃園市中壢區龍慈路83號,5.0,11.0,星期一: 10:00 – 20:00；星期二: 10:00 – 20:00；星期三: 休息；星期四: 10:00 – 20:00；星期五: 10:00 – 20:00；星期六: 10:00 – 20:00；星期日: 10:00 – 20:00,121.2474588,24.9432466
桃園市,唯婕寵物沙龍,333台灣桃園市龜山區光峰路159號,5.0,123.0,星期一: 休息；星期二: 10:00 – 19:00；星期三: 10:00 – 19:00；星期四: 10:00 – 19:00；星期五: 10:00 – 19:00；星期六: 10:00 – 19:00；星期日: 10:00 – 19:00,121.3426293,25.0029951
桃園市,Dotty pet studio 兜去寵旅,338台灣桃園市蘆竹區大興八街91號,5.0,84.0,星期一: 10:00 – 20:00；星期二: 10:00 – 20:00；星期三: 10:00 – 20:00；星期四: 10:00 – 20:00；星期五: 10:00 – 20:00；星期六: 10:00 – 20:00；星期日: 10:00 – 20:00,121.2603052,25.0174759
桃園市,Q Hotel 酷毛寵物旅館,244台灣新北市林口區文化三路二段115巷68號1樓,4.8,224.0,星期一: 09:00 – 21:00；星期二: 09:00 – 21:00；星期三: 09:00 – 21:00；星期四: 09:00 – 21:00；星期五: 09:00 – 21:00；星期六: 09:00 – 21:00；星期日: 09:00 – 21:00,121.3739294,25.0820468
桃園市,甜Eight寵物美容·住宿,326台灣桃園市楊梅區梅獅路二段192號,4.9,41.0,星期一: 休息；星期二: 09:00 – 18:00；星期三: 09:00 – 18:00；星期四: 09:00 – 18:00；星期五: 09:00 – 18:00；星期六: 09:00 – 18:00；星期日: 09:00 – 18:00,121.1772163,24.9059163
桃園市,日光貓寓 貓旅館,320台灣桃園市中壢區領航南路三段83-3號1樓,5.0,42.0,星期一: 24 小時營業；星期二: 24 小時營業；星期三: 24 小時營業；星期四: 24 小時營業；星期五: 24 小時營業；星期六: 24 小時營業；星期日: 24 小時營業,121.2174678,25.008359
桃園市,留守•犬 寵物旅館 / RUSU DOG HOTEL-龍潭寵物會館|寵物安親|狗狗安親|寵物住宿|寵物旅館|狗狗旅館|獨立寵物房|在地推薦寵物店,325台灣桃園市龍潭區中豐路上林段358號,5.0,15.0,星期一: 09:00 – 18:00；星期二: 09:00 – 18:00；星期三: 09:00 – 18:00；星期四: 09:00 – 18:00；星期五: 09:00 – 18:00；星期六: 09:00 – 18:00；星期日: 09:00 – 18:00,121.2032562,24.8596408
桃園市,毛宅一起寵物美容旅店,337台灣桃園市大園區華興路一段13號1樓,4.8,54.0,未提供,121.1960562,25.0560245
桃園市,LANI DOGTEL 樂妮寵物美容旅館,320台灣桃園市中壢區環北路565號,5.0,9.0,星期一: 10:00 – 18:30；星期二: 10:00 – 18:30；星期三: 休息；星期四: 10:00 – 18:30；星期五: 10:00 – 18:30；星期六: 10:00 – 18:30；星期日: 10:00 – 18:30,121.2295509,24.9641
桃園市,狗老爸寵物美容旅館,320台灣桃園市中壢區中美路一段42號,4.6,176.0,星期一: 10:00 – 20:00；星期二: 10:00 – 20:00；星期三: 10:00 – 20:00；星期四: 10:00 – 20:00；星期五: 10:00 – 20:00；星期六: 10:00 – 20:00；星期日: 10:00 – 20:00,121.2233989,24.9597046
桃園市,So Sweet 真貼心寵物美容旅館/開放式不關籠/中壢寵物美容推薦/寵物美容/寵物,320台灣桃園市中壢區延平路352號,4.2,289.0,星期一: 10:00 – 20:00；星期二: 10:00 – 20:00；星期三: 10:00 – 20:00；星期四: 10:00 – 20:00；星期五: 10:00 – 20:00；星期六: 10:00 – 20:00；星期日: 10:00 – 20:00,121.225155,24.9599777
桃園市,Doggy Happy狗狗樂寵物造型沙龍,330台灣桃園市桃園區樹林四街84號,5.0,71.0,星期一: 休息；星期二: 09:00 – 19:00；星期三: 09:00 – 19:00；星期四: 09:00 – 19:00；星期五: 09:00 – 19:00；星期六: 09:00 – 19:00；星期日: 休息,121.3132817,24.9804691
桃園市,萊恩寵物精品貓舍,330台灣桃園市桃園區中正路416-1號,5.0,3.0,星期一: 09:00 – 21:00；星期二: 09:00 – 21:00；星期三: 09:00 – 21:00；星期四: 09:00 – 21:00；星期五: 09:00 – 21:00；星期六: 09:00 – 21:00；星期日: 09:00 – 21:00,121.307784,25.0001939
桃園市,新北市 板橋 澎澎寵物旅館,22052台灣新北市板橋區新生街29巷15弄2號1樓,4.9,379.0,星期一: 11:00 – 20:30；星期二: 11:00 – 20:30；星期三: 11:00 – 20:30；星期四: 11:00 – 20:30；星期五: 11:00 – 20:30；星期六: 11:00 – 20:30；星期日: 11:00 – 20:30,121.4565554,25.0220493
桃園市,艾森寵物沙龍（全預約）,330台灣桃園市桃園區樹仁三街79號,5.0,44.0,星期一: 10:30 – 19:00；星期二: 10:30 – 19:00；星期三: 休息；星期四: 休息；星期五: 10:30 – 19:00；星期六: 10:30 – 19:00；星期日: 10:30 – 19:00,121.3224312,24.9744754
桃園市,遇見cat寵物生活館,333台灣桃園市龜山區樂學一路122號,5.0,50.0,星期一: 休息；星期二: 10:00 – 18:00；星期三: 10:00 – 18:00；星期四: 10:00 – 18:00；星期五: 10:00 – 18:00；星期六: 10:00 – 18:00；星期日: 10:00 – 18:00,121.3847761,25.0509685
桃園市,Go時尚寵物SPA會館,330台灣桃園市桃園區大興路288號,4.7,43.0,星期一: 10:00 – 19:00；星期二: 10:00 – 19:00；星期三: 休息；星期四: 10:00 – 19:00；星期五: 10:00 – 19:00；星期六: 10:00 – 19:00；星期日: 10:00 – 19:00,121.3153098,25.0164643
桃園市,萌萌噠寵物美容/住宿/安親,243台灣新北市泰山區同興里仁武街21號,5.0,26.0,星期一: 11:00 – 19:00；星期二: 11:00 – 19:00；星期三: 休息；星期四: 11:00 – 19:00；星期五: 11:00 – 19:00；星期六: 11:00 – 19:00；星期日: 11:00 – 19:00,121.433589,25.054575
桃園市,苗琳寵物,333台灣桃園市龜山區萬壽路二段1209-2號,4.8,65.0,星期一: 11:00 – 19:00；星期二: 11:00 – 19:00；星期三: 11:00 – 19:00；星期四: 休息；星期五: 11:00 – 19:00；星期六: 11:00 – 19:00；星期日: 11:00 – 19:00,121.3299656,24.9931318
台中市,寵曖貓狗生活館-寵物貓狗美容造型 寵物旅館住宿安親接送 SPA按摩 基礎深層美容清潔推薦,40041台灣臺中市中區民族路223號,5.0,2022.0,星期一: 11:00 – 20:00；星期二: 11:00 – 20:00；星期三: 11:00 – 20:00；星期四: 11:00 – 20:00；星期五: 11:00 – 20:00；星期六: 11:00 – 20:00；星期日: 11:00 – 20:00,120.675575,24.143038
台中市,瑋特貓狗SPA生活館－台中寵物美容丨台中寵物住宿丨台中寵物旅館丨台中寵物沙龍丨狗美容丨狗住宿 推薦,408台灣臺中市南屯區大墩十一街648號,4.5,918.0,星期一: 10:00 – 20:00；星期二: 10:00 – 20:00；星期三: 10:00 – 20:00；星期四: 10:00 – 20:00；星期五: 10:00 – 20:00；星期六: 10:00 – 20:00；星期日: 10:00 – 20:00,120.6371097,24.1487966
台中市,英倫王子悠閒時光寵物旅館,407台灣臺中市西屯區逢甲路227-1號,4.6,159.0,星期一: 09:30 – 20:30；星期二: 09:30 – 20:30；星期三: 09:30 – 20:30；星期四: 09:30 – 20:30；星期五: 09:30 – 20:30；星期六: 09:30 – 20:00；星期日: 09:30 – 20:00,120.6411736,24.1765426
台中市,有好犬旅 UHOUSE 寵物旅館｜美容｜安親（全預約制）,403台灣臺中市西區博館路213號2樓,4.9,83.0,星期一: 09:01 – 20:50；星期二: 09:01 – 20:50；星期三: 09:01 – 20:50；星期四: 09:01 – 18:50；星期五: 09:01 – 20:50；星期六: 09:01 – 20:50；星期日: 09:01 – 20:50,120.661584,24.1585952
台中市,霏霏寵物度假會館,406台灣臺中市北屯區和福路66號,4.9,180.0,星期一: 10:00 – 20:00；星期二: 10:00 – 20:00；星期三: 10:00 – 20:00；星期四: 10:00 – 20:00；星期五: 10:00 – 20:00；星期六: 10:00 – 20:00；星期日: 10:00 – 20:00,120.7237451,24.1710654
台中市,Hello Puppy 頂級寵物會館,408台灣臺中市南屯區益昌二街111號,5.0,147.0,星期一: 09:00 – 18:00；星期二: 09:00 – 18:00；星期三: 09:00 – 18:00；星期四: 09:00 – 18:00；星期五: 09:00 – 18:00；星期六: 09:00 – 18:00；星期日: 09:00 – 18:00,120.6325382,24.1405936
台中市,好萌pet sitter,403台灣臺中市西區五權七街206號,4.8,73.0,星期一: 10:00 – 19:00；星期二: 10:00 – 19:00；星期三: 10:00 – 19:00；星期四: 10:00 – 19:00；星期五: 10:00 – 19:00；星期六: 10:00 – 19:00；星期日: 10:00 – 19:00,120.6569029,24.1352734
台中市,走走貓咪精品寵物旅館 Catwalk Inn 台中純貓旅館 貓咪安親 寵物用品,404台灣臺中市北區山西路一段56號,4.9,131.0,星期一: 10:00 – 19:00；星期二: 10:00 – 19:00；星期三: 10:00 – 19:00；星期四: 10:00 – 19:00；星期五: 10:00 – 19:00；星期六: 10:00 – 19:00；星期日: 10:00 – 19:00,120.6754473,24.1658709
台中市,浴旺森林頂級寵物沙龍SPA按摩,40878台灣臺中市南屯區五權西路二段365號,5.0,71.0,星期一: 11:00 – 20:00；星期二: 11:00 – 20:00；星期三: 11:00 – 20:00；星期四: 11:00 – 20:00；星期五: 11:00 – 20:00；星期六: 11:00 – 20:00；星期日: 11:00 – 20:00,120.6460664,24.1398394
台中市,夏沐沐寵物美容｜寵物住宿｜皮膚管理｜台中西屯,407台灣臺中市西屯區永福路118巷11號,4.9,238.0,星期一: 10:00 – 19:30；星期二: 10:00 – 19:30；星期三: 10:00 – 19:30；星期四: 10:00 – 19:30；星期五: 10:00 – 19:30；星期六: 10:00 – 19:30；星期日: 10:00 – 19:30,120.621333,24.184323
台中市,汪喵の旅 寵物旅館,"No. 372, No. 372號軍福十六路北屯區臺中市台灣 406",4.8,209.0,星期一: 10:00 – 22:00；星期二: 10:00 – 22:00；星期三: 10:00 – 22:00；星期四: 10:00 – 22:00；星期五: 10:00 – 22:00；星期六: 10:00 – 22:00；星期日: 10:00 – 22:00,120.7219845,24.1751842
台中市,犬弟寶寵物住宿/美容（預約請洽官方line：@217boamf),406台灣臺中市北屯區平興街2號,5.0,120.0,星期一: 09:30 – 18:30；星期二: 09:30 – 18:30；星期三: 09:30 – 18:30；星期四: 09:30 – 18:30；星期五: 09:30 – 15:00；星期六: 10:30 – 18:00；星期日: 休息,120.6966295,24.1752914
台中市,尊毛屋寵物美容行旅,404台灣臺中市北區益華街138號,4.9,263.0,星期一: 10:00 – 20:00；星期二: 10:00 – 20:00；星期三: 10:00 – 20:00；星期四: 10:00 – 20:00；星期五: 10:00 – 20:00；星期六: 10:00 – 20:00；星期日: 10:00 – 20:00,120.6899034,24.1613963
台中市,樂曖貓狗生活館-寵物住宿推薦(台中南區)寄宿旅館 優質平價寵物美容 寵物貓狗安親 寵物SPA 貓咪造型美容洗澡,402007台灣臺中市南區忠孝路3號,4.9,272.0,星期一: 11:00 – 20:00；星期二: 休息；星期三: 11:00 – 20:00；星期四: 11:00 – 20:00；星期五: 11:00 – 20:00；星期六: 11:00 – 20:00；星期日: 11:00 – 20:00,120.6754574,24.1270822
台中市,沐森琳寵物沙龍行旅,404台灣臺中市北區梅亭街490號,5.0,196.0,星期一: 10:00 – 19:00；星期二: 10:00 – 19:00；星期三: 10:00 – 19:00；星期四: 10:00 – 19:00；星期五: 10:00 – 19:00；星期六: 10:00 – 19:00；星期日: 10:00 – 19:00,120.6745993,24.1606232
台中市,咕吉家Gugi+ ｜台中貓咪旅館｜台中貓咪住宿｜台中貓咪到府服務｜台中寵物蛋糕,407台灣臺中市西屯區上明二街8號,5.0,215.0,"星期一: 10:30 – 15:00, 22:30 – 00:30；星期二: 10:30 – 15:00, 22:30 – 00:30；星期三: 10:30 – 15:00, 22:30 – 00:30；星期四: 10:30 – 15:00, 22:30 – 00:30；星期五: 10:30 – 15:00, 22:30 – 00:30；星期六: 10:30 – 15:00, 22:30 – 00:30；星期日: 10:30 – 15:00, 22:30 – 00:30",120.6425261,24.1708258
台中市,小犬大宅寵物旅店,408台灣臺中市南屯區大英街179號,4.9,57.0,星期一: 10:00 – 20:00；星期二: 休息；星期三: 10:00 – 20:00；星期四: 10:00 – 20:00；星期五: 10:00 – 20:00；星期六: 10:00 – 20:00；星期日: 10:00 – 20:00,120.6486569,24.1460489
台中市,帕比樂寵物旅館·美容·安親·游泳池,406台灣臺中市北屯區柳陽西街118號,4.9,76.0,星期一: 10:30 – 19:30；星期二: 10:30 – 19:30；星期三: 10:30 – 19:30；星期四: 10:30 – 19:30；星期五: 10:30 – 19:30；星期六: 10:30 – 19:30；星期日: 10:30 – 19:30,120.6935905,24.1767614
台中市,洞伴樂齡寵安苑 Soul Cave 不關籠寵物旅館 高齡犬照顧 不關籠 24小時人員照顧,401台灣臺中市東區育英路37之21號新業築願景社區店面,5.0,47.0,星期一: 08:00 – 20:00；星期二: 08:00 – 20:00；星期三: 08:00 – 20:00；星期四: 08:00 – 20:00；星期五: 08:00 – 20:00；星期六: 08:00 – 20:00；星期日: 08:00 – 20:00,120.6979967,24.1365058
台中市,咪喜micy-貓狗寵物旅館,406台灣臺中市北屯區北華街119號,4.9,55.0,星期一: 12:00 – 21:00；星期二: 12:00 – 20:30；星期三: 12:00 – 20:30；星期四: 12:00 – 20:30；星期五: 12:00 – 20:30；星期六: 12:00 – 20:30；星期日: 12:00 – 20:30,120.6965889,24.16238
台中市,旺憂寵物(東興館) — 寵物用品｜寵物美容｜寵物住宿(24小時保母)｜寵物安親,408台灣臺中市南屯區東興路二段265號,5.0,934.0,星期一: 10:00 – 20:00；星期二: 10:00 – 20:00；星期三: 10:00 – 20:00；星期四: 10:00 – 20:00；星期五: 10:00 – 20:00；星期六: 10:00 – 20:00；星期日: 10:00 – 20:00,120.652805,24.143398
台南市,PUPPY IDOL 帕彼愛逗寵物精品時尚旅館,701台灣臺南市東區東門路二段240號,4.7,126.0,星期一: 11:00 – 22:00；星期二: 11:00 – 22:00；星期三: 11:00 – 22:00；星期四: 11:00 – 22:00；星期五: 11:00 – 22:00；星期六: 11:00 – 22:00；星期日: 11:00 – 22:00,120.2244548,22.9845531
台南市,棲心寵物旅宿,709台灣臺南市安南區長和路一段370號,4.9,87.0,星期一: 08:30 – 18:30；星期二: 08:30 – 18:30；星期三: 08:30 – 18:30；星期四: 08:30 – 18:30；星期五: 08:30 – 18:30；星期六: 08:30 – 18:30；星期日: 08:30 – 18:30,120.2290889,23.062054
台南市,四季逗 Seasons Dog 寵物旅館（不定時公休，預約制）,701台灣臺南市東區東平路142號,5.0,33.0,星期一: 11:00 – 18:00；星期二: 11:00 – 18:00；星期三: 11:00 – 18:00；星期四: 11:00 – 18:00；星期五: 11:00 – 18:00；星期六: 11:00 – 18:00；星期日: 11:00 – 18:00,120.229627,22.9955066
台南市,史溫托爾寵物旅館,701台灣臺南市安平區永華路二段660號708,4.8,70.0,星期一: 11:00 – 19:30；星期二: 休息；星期三: 11:00 – 19:30；星期四: 11:00 – 18:00；星期五: 11:00 – 19:30；星期六: 11:00 – 19:30；星期日: 11:00 – 19:30,120.1734037,22.9910015
台南市,樹洞寵物旅店@treehotel（+line預約）,741台灣臺南市善化區民生路287號,5.0,13.0,星期一: 09:00 – 23:00；星期二: 09:00 – 23:00；星期三: 09:00 – 23:00；星期四: 09:00 – 23:00；星期五: 09:00 – 23:00；星期六: 09:00 – 23:00；星期日: 09:00 – 23:00,120.2989826,23.1305511
台南市,狗宿喜正向低壓寵物旅館(全預約制),702台灣臺南市南區南門路341-4號,5.0,82.0,星期一: 10:00 – 20:00；星期二: 10:00 – 20:00；星期三: 10:00 – 20:00；星期四: 10:00 – 20:00；星期五: 10:00 – 20:00；星期六: 10:00 – 20:00；星期日: 10:00 – 20:00,120.2039484,22.9764427
台南市,壞壞狗寵物旅館∣MND ∣台南．大空間狗狗旅館．住宿．安親托顧,704台灣臺南市北區成功路382-1號,4.3,125.0,星期一: 10:00 – 18:30；星期二: 休息；星期三: 10:00 – 18:30；星期四: 10:00 – 18:30；星期五: 10:00 – 18:30；星期六: 10:00 – 18:30；星期日: 10:00 – 18:30,120.2002807,23.0004046
台南市,小犬座寵物旅館Canis Minor,700台灣臺南市中西區海安路一段30號,5.0,15.0,星期一: 10:00 – 21:00；星期二: 10:00 – 21:00；星期三: 10:00 – 21:00；星期四: 10:00 – 21:00；星期五: 10:00 – 21:00；星期六: 10:00 – 21:00；星期日: 10:00 – 21:00,120.1951077,22.9881638
台南市,想見妮寵物美容-住宿,710台灣臺南市永康區中山南路490巷2弄10號,4.7,65.0,星期一: 休息；星期二: 10:00 – 19:00；星期三: 10:00 – 19:00；星期四: 10:00 – 19:00；星期五: 10:00 – 19:00；星期六: 10:00 – 19:00；星期日: 10:00 – 19:00,120.2395979,23.0174495
台南市,MUMAO 牧貓精品寵物旅館 - 台南館(寵物住宿.寵物美容),701台灣臺南市東區裕農路375號B1號,4.6,195.0,星期一: 10:00 – 19:00；星期二: 10:00 – 19:00；星期三: 10:00 – 19:00；星期四: 10:00 – 19:00；星期五: 10:00 – 19:00；星期六: 10:00 – 19:00；星期日: 10:00 – 19:00,120.2302392,22.9874531
台南市,月亮慢慢走Moon walks slowly 台南寵物友善民宿,700台灣臺南市中西區衛民街106之21號,4.8,253.0,未提供,120.2090657,22.993368
台南市,Pawliday Inn 波利迪之旅 寵物旅館,704台灣臺南市北區公園路630號,5.0,6.0,星期一: 09:00 – 21:00；星期二: 09:00 – 21:00；星期三: 09:00 – 21:00；星期四: 09:00 – 21:00；星期五: 09:00 – 21:00；星期六: 09:00 – 21:00；星期日: 09:00 – 21:00,120.2101402,23.0075719
台南市,小尾巴客棧｜寵物精品旅館-台南安平寵物零食|寵物旅館推薦|寵物住宿|寵物到府服務|寵物美容|寵物安親|寵物寄宿|寵物保母,708台灣臺南市安平區慶平路689號2樓,5.0,57.0,星期一: 10:00 – 20:00；星期二: 10:00 – 20:00；星期三: 10:00 – 20:00；星期四: 10:00 – 20:00；星期五: 10:00 – 20:00；星期六: 10:00 – 20:00；星期日: 10:00 – 20:00,120.1673186,22.9975998
台南市,Susisusi Cats Inn 四序貓旅｜頂級純貓旅館、貓咪長照住宿、貓咪長照醫療、家具式空間、安心陪伴、24小時遠端監控、獨立負壓空調｜,710台灣臺南市永康區中華路359號,5.0,42.0,星期一: 10:00 – 19:00；星期二: 10:00 – 19:00；星期三: 10:00 – 19:00；星期四: 10:00 – 19:00；星期五: 10:00 – 19:00；星期六: 10:00 – 19:00；星期日: 10:00 – 19:00,120.2335405,23.0088016
台南市,樂芙倪寵物精品旅館,70162台灣臺南市東區裕忠路128-3號,4.8,63.0,星期一: 10:30 – 18:40；星期二: 休息；星期三: 休息；星期四: 10:30 – 18:40；星期五: 10:30 – 18:40；星期六: 10:30 – 18:40；星期日: 10:30 – 18:40,120.24158,22.9870611
台南市,美力生寵物生活館,700台灣臺南市中西區大同路一段62號,4.8,98.0,星期一: 10:00 – 20:00；星期二: 10:00 – 20:00；星期三: 10:00 – 20:00；星期四: 10:00 – 20:00；星期五: 10:00 – 20:00；星期六: 10:00 – 20:00；星期日: 10:00 – 20:00,120.2111825,22.9871892
台南市,萌旅寵物美容沙龍旅館（預約制，加LINE預約：@momogo）,744台灣臺南市新市區豐榮59-21號,4.8,50.0,星期一: 10:00 – 18:00；星期二: 10:00 – 18:00；星期三: 10:00 – 18:00；星期四: 10:00 – 18:00；星期五: 10:00 – 18:00；星期六: 10:00 – 18:00；星期日: 10:00 – 18:00,120.3053075,23.0879824
台南市,都在貓咪旅館 | 擼貓咖啡廳 | 台南貓咖 | 貓咪販售 | 貓咪美容,700台灣臺南市中西區民族路三段218號3樓,4.9,6454.0,星期一: 12:00 – 19:30；星期二: 休息；星期三: 12:00 – 19:30；星期四: 12:00 – 19:30；星期五: 12:00 – 19:30；星期六: 12:00 – 19:30；星期日: 12:00 – 19:30,120.1939942,22.9998136
台南市,太陽慢慢走 Red Letter Day 台南寵物友善民宿,700台灣臺南市中西區大埔街89巷35號,4.7,439.0,未提供,120.2082477,22.9868598
台南市,樂狗堡寵物旅館（預約制）,702台灣臺南市南區金華路二段57巷10號,4.9,13.0,星期一: 10:00 – 19:00；星期二: 休息；星期三: 10:00 – 19:00；星期四: 10:00 – 19:00；星期五: 10:00 – 19:00；星期六: 10:00 – 19:00；星期日: 10:00 – 19:00,120.1909488,22.9783974
台南市,Pawtel 寵旅精品,710台灣臺南市永康區文化路251號2樓,4.8,40.0,未提供,120.2546205,23.0148554
高雄市,寵悠活-鮮食宿-寵物旅館 寵物美容 寵物安親 寵物百貨 短期長期寵物住宿,813台灣高雄市左營區部後街10-1號,5.0,154.0,星期一: 10:00 – 18:00；星期二: 10:00 – 18:00；星期三: 10:00 – 18:00；星期四: 10:00 – 18:00；星期五: 10:00 – 18:00；星期六: 10:00 – 18:00；星期日: 休息,120.2883358,22.6838688
高雄市,毛毛 愛狗樂 寵物旅館__ 不關籠50坪超大遊戲空間,800台灣高雄市新興區林森一路187號2樓,5.0,220.0,星期一: 11:00 – 18:00；星期二: 11:00 – 18:00；星期三: 11:00 – 18:00；星期四: 11:00 – 18:00；星期五: 11:00 – 18:00；星期六: 11:00 – 18:00；星期日: 11:00 – 18:00,120.3046007,22.6318821
高雄市,豬窩寵物沙龍旅館Piggy｜24H監視器觀看｜寵物住宿｜貓狗住宿｜寵物美容｜寵物安親,807台灣高雄市三民區興昌街26號,5.0,112.0,星期一: 10:00 – 18:00；星期二: 休息；星期三: 10:00 – 18:00；星期四: 10:00 – 18:00；星期五: 10:00 – 18:00；星期六: 10:00 – 18:00；星期日: 10:00 – 18:00,120.3186177,22.6460118
高雄市,LaiDua寵物美容＆寵物住宿（安親、貓咪寄宿、高雄寵物住宿）,811台灣高雄市楠梓區土庫一路10號,4.9,57.0,星期一: 10:30 – 19:00；星期二: 10:30 – 19:00；星期三: 10:30 – 19:00；星期四: 10:30 – 19:00；星期五: 10:30 – 19:00；星期六: 10:30 – 19:00；星期日: 10:30 – 19:00,120.3321542,22.7357544
高雄市,狗的窩 Golden World-寵物沙龍旅館,807台灣高雄市三民區遼寧三街93號,5.0,247.0,星期一: 10:00 – 19:00；星期二: 10:00 – 19:00；星期三: 10:00 – 19:00；星期四: 10:00 – 19:00；星期五: 10:00 – 19:00；星期六: 10:00 – 19:00；星期日: 10:00 – 19:00,120.28925,22.6435905
高雄市,跑跑跳寵物旅館&寵物美容沙龍&高雄寵物旅館&楠梓寵物旅館,811台灣高雄市楠梓區東昌街23號,4.9,76.0,星期一: 10:00 – 18:00；星期二: 10:00 – 18:00；星期三: 10:00 – 18:00；星期四: 10:00 – 18:00；星期五: 10:00 – 18:00；星期六: 10:00 – 18:00；星期日: 10:00 – 16:30,120.2901615,22.7203785
高雄市,愛尼萌寵物旅館 狗貓 兔子寵物住宿 美容 安親,807台灣高雄市三民區建工路802號,5.0,225.0,星期一: 09:00 – 19:00；星期二: 09:00 – 19:00；星期三: 09:00 – 19:00；星期四: 09:00 – 19:00；星期五: 09:00 – 19:00；星期六: 09:00 – 19:00；星期日: 09:00 – 19:00,120.3181713,22.6483351
高雄市,毛絨絨澡堂x貓茸茸旅館,806台灣高雄市前鎮區民權二路613號,5.0,624.0,星期一: 10:00 – 19:00；星期二: 10:00 – 19:00；星期三: 10:00 – 19:00；星期四: 10:00 – 19:00；星期五: 10:00 – 19:00；星期六: 10:00 – 19:00；星期日: 10:00 – 19:00,120.314148,22.616788
高雄市,Kuma's熊樣寵物旅館,804台灣高雄市鼓山區明誠三路600號,4.8,136.0,星期一: 10:00 – 18:00；星期二: 10:00 – 18:00；星期三: 10:00 – 18:00；星期四: 10:00 – 18:00；星期五: 10:00 – 18:00；星期六: 10:00 – 18:00；星期日: 10:00 – 18:00,120.2973529,22.6614067
高雄市,VV寵物旅館．美容 高雄寵物住宿/美容/長期住宿/老狗住宿/安寧照護,806台灣高雄市前鎮區梧州街30巷7號,4.9,88.0,星期一: 10:00 – 19:00；星期二: 10:00 – 19:00；星期三: 10:00 – 19:00；星期四: 10:00 – 19:00；星期五: 10:00 – 19:00；星期六: 10:00 – 19:00；星期日: 10:00 – 19:00,120.3158662,22.6145095
高雄市,祝妮皮安寵物住宿、安親、寄養,802台灣高雄市苓雅區武漢街113-4號,5.0,136.0,星期一: 24 小時營業；星期二: 24 小時營業；星期三: 24 小時營業；星期四: 24 小時營業；星期五: 24 小時營業；星期六: 24 小時營業；星期日: 24 小時營業,120.3278022,22.6204782
高雄市,露娜寵物旅館,807台灣高雄市三民區義昌路42號,4.6,85.0,星期一: 10:00 – 20:00；星期二: 10:00 – 20:00；星期三: 10:00 – 20:00；星期四: 10:00 – 20:00；星期五: 10:00 – 20:00；星期六: 10:00 – 20:00；星期日: 10:00 – 20:00,120.3344254,22.6415119
高雄市,阿毛寵物旅店 A Mou Pet House,814台灣高雄市仁武區仁勇東巷230號,5.0,30.0,星期一: 10:00 – 19:00；星期二: 09:00 – 19:00；星期三: 10:00 – 19:00；星期四: 10:00 – 19:00；星期五: 10:00 – 19:00；星期六: 10:00 – 19:00；星期日: 10:00 – 19:00,120.35427,22.6769902
高雄市,森森寵物美容沙龍精品旅館（全預約制）🌸🌸附設寵物美容教學（ABC檢定模特兒犬租賃、純色貴賓培育）,812台灣高雄市小港區桂華街458號,5.0,475.0,星期一: 10:00 – 19:00；星期二: 10:00 – 19:00；星期三: 10:00 – 19:00；星期四: 10:00 – 19:00；星期五: 10:00 – 19:00；星期六: 10:00 – 19:00；星期日: 10:00 – 19:00,120.350973,22.583545
高雄市,希希貓旅 – 高雄貓旅館 | 貓咪住宿 | 到府安親 | 鳳山純貓住宿推薦 首選優質寵物貓咪寄宿 貓咪狗狗到府安親 寵物動保長照證照 專業寵物長照好評 高CP值專業純貓旅店 寵物保姆,83094台灣高雄市鳳山區鳳甲路329號,5.0,68.0,星期一: 11:00 – 20:00；星期二: 11:00 – 20:00；星期三: 11:00 – 20:00；星期四: 11:00 – 20:00；星期五: 11:00 – 20:00；星期六: 11:00 – 20:00；星期日: 11:00 – 20:00,120.3441024,22.5959176
高雄市,哈基咪Hagimi寵物美容x住宿/左營區寵物美容推薦/高雄寵物美容推薦/狗狗住宿/貓咪住宿,813台灣高雄市左營區至聖路306號,4.9,128.0,星期一: 10:00 – 19:00；星期二: 10:00 – 19:00；星期三: 10:00 – 19:00；星期四: 10:00 – 19:00；星期五: 10:00 – 19:00；星期六: 10:00 – 19:00；星期日: 10:00 – 19:00,120.3037662,22.6597269
高雄市,Dada寵物客棧(左營店),813台灣高雄市左營區重立路232巷21號,4.7,204.0,星期一: 10:00 – 20:00；星期二: 10:00 – 20:00；星期三: 10:00 – 20:00；星期四: 10:00 – 20:00；星期五: 10:00 – 20:00；星期六: 10:00 – 20:00；星期日: 10:00 – 20:00,120.3155348,22.6758875
高雄市,轟轟的家寵物美容｜住宿｜安親｜Home+Pet Pet Salon,802台灣高雄市苓雅區中正一路436號,5.0,45.0,星期一: 10:30 – 18:30；星期二: 10:30 – 18:30；星期三: 10:30 – 18:30；星期四: 休息；星期五: 10:30 – 18:30；星期六: 10:30 – 18:30；星期日: 10:30 – 18:30,120.3245425,22.6299864
高雄市,MoMo寵物精品旅店,833台灣高雄市鳥松區美庄路17巷76號,4.9,49.0,星期一: 09:00 – 20:00；星期二: 09:00 – 20:00；星期三: 09:00 – 20:00；星期四: 09:00 – 20:00；星期五: 09:00 – 20:00；星期六: 09:00 – 20:00；星期日: 09:00 – 19:00,120.3951703,22.6450156
高雄市,杉菻行旅 Shanlin Inn,800台灣高雄市新興區新田路172巷25號,4.9,353.0,未提供,120.3017018,22.6225681
高雄市,丹鄰寵物沙龍坊,811台灣高雄市楠梓區樂群路198號,5.0,102.0,星期一: 10:00 – 18:00；星期二: 10:00 – 18:00；星期三: 10:00 – 18:00；星期四: 10:00 – 18:00；星期五: 10:00 – 18:00；星期六: 10:00 – 18:00；星期日: 09:00 – 17:00,120.2969434,22.7191461
高雄市,狗自在 不關籠/寵物旅館/安親最低價/手吹無烘箱,802台灣高雄市苓雅區凱旋二路61號,4.9,30.0,未提供,120.3236854,22.6241687
高雄市,自遊自宅寵物旅館,813台灣高雄市左營區文學路655號,5.0,38.0,星期一: 10:00 – 19:00；星期二: 10:00 – 19:00；星期三: 10:00 – 19:00；星期四: 10:00 – 19:00；星期五: 10:00 – 19:00；星期六: 10:00 – 19:00；星期日: 10:00 – 19:00,120.3193315,22.6897553
高雄市,妮蘿毛孩沙龍旅店｜寵物旅館、寵物美容、寵物臨托、寵物玩耍空間,806台灣高雄市前鎮區文林街43號,5.0,41.0,星期一: 10:00 – 18:00；星期二: 休息；星期三: 10:00 – 18:00；星期四: 10:00 – 18:00；星期五: 10:00 – 18:00；星期六: 10:00 – 18:00；星期日: 10:00 – 18:00,120.3048278,22.6094732
高雄市,Luca寵物旅宿,801台灣高雄市前金區成功一路352號,5.0,39.0,星期一: 09:00 – 18:30；星期二: 09:00 – 18:30；星期三: 休息；星期四: 09:00 – 18:30；星期五: 09:00 – 18:30；星期六: 09:00 – 18:30；星期日: 09:00 – 18:30,120.2946437,22.6224076
高雄市,布露熊寵物美容店-苓雅寵物美容|寵物洗澡|狗貓旅館|寵物住宿|寵物旅館|貓狗美容|在地推薦寵物店,802台灣高雄市苓雅區河南路128號,5.0,53.0,星期一: 10:00 – 19:00；星期二: 10:00 – 19:00；星期三: 休息；星期四: 10:00 – 19:00；星期五: 10:00 – 19:00；星期六: 10:00 – 19:00；星期日: 10:00 – 19:00,120.3257252,22.6270616
高雄市,五吉寵物旅館,831台灣高雄市大寮區永仁街18號1樓,4.8,24.0,星期一: 10:00 – 19:00；星期二: 10:00 – 19:00；星期三: 10:00 – 19:00；星期四: 10:00 – 19:00；星期五: 10:00 – 19:00；星期六: 10:00 – 19:00；星期日: 10:00 – 19:00,120.4009745,22.6355251
高雄市,GO Pro寵物旅館-住宿美容,807台灣高雄市三民區民族一路782-8號,4.7,139.0,星期一: 09:00 – 20:00；星期二: 09:00 – 20:00；星期三: 09:00 – 20:00；星期四: 09:00 – 20:00；星期五: 09:00 – 20:00；星期六: 09:00 – 20:00；星期日: 09:00 – 20:00,120.3167953,22.6655739
高雄市,Just Love就是愛寵物精品旅館,813023台灣高雄市左營區新庄仔路409號,4.9,115.0,星期一: 09:30 – 19:30；星期二: 09:30 – 19:30；星期三: 09:30 – 19:30；星期四: 09:30 – 19:30；星期五: 09:30 – 19:30；星期六: 09:30 – 19:30；星期日: 09:30 – 19:30,120.3112028,22.6685303
高雄市,窩牛寵物旅館·高雄寵物住宿安親x洗浴美容SPAx鮮食雜貨,804台灣高雄市鼓山區瑞豐街134號,4.6,76.0,星期一: 10:00 – 20:00；星期二: 10:00 – 20:00；星期三: 10:00 – 20:00；星期四: 10:00 – 20:00；星期五: 10:00 – 20:00；星期六: 10:00 – 20:00；星期日: 10:00 – 20:00,120.2959196,22.6670773
高雄市,愛沐貓旅,"14號, 民生一路新興區高雄市台灣 800",4.8,168.0,星期一: 11:00 – 20:00；星期二: 11:00 – 20:00；星期三: 11:00 – 20:00；星期四: 11:00 – 20:00；星期五: 11:00 – 20:00；星期六: 11:00 – 20:00；星期日: 11:00 – 20:00,120.3121561,22.6285083
高雄市,Fun心寵物美容旅館/前鎮寵物住宿/前鎮寵物美容/寵物住宿/寵物美容,806台灣高雄市前鎮區一心一路216號,5.0,46.0,星期一: 10:30 – 19:30；星期二: 10:30 – 19:30；星期三: 10:30 – 19:30；星期四: 10:30 – 19:30；星期五: 10:30 – 19:30；星期六: 10:30 – 19:30；星期日: 10:30 – 19:30,120.319793,22.6074113
高雄市,毛毛之家寵物旅店/狗貓住宿/寵物住宿/寵物旅館,833台灣高雄市鳥松區松埔路3巷2-15號,5.0,12.0,星期一: 09:00 – 17:00；星期二: 09:00 – 17:00；星期三: 09:00 – 17:00；星期四: 09:00 – 17:00；星期五: 09:00 – 17:00；星期六: 09:00 – 17:00；星期日: 休息,120.3774206,22.6631615
高雄市,日光寵物旅館🐾貓旅🐾純貓住宿🐾鼠兔寄宿,814台灣高雄市仁武區大正路312號,5.0,47.0,"星期一: 11:30 – 15:30, 19:00 – 22:00；星期二: 11:30 – 15:30, 19:00 – 22:00；星期三: 11:30 – 15:30, 19:00 – 22:00；星期四: 11:30 – 15:30, 19:00 – 22:00；星期五: 11:30 – 15:30, 19:00 – 22:00；星期六: 11:30 – 15:30, 19:00 – 22:00；星期日: 11:30 – 15:30, 19:00 – 22:00",120.3391759,22.6741001
高雄市,喵起來住館｜喵起來DÙA ｜住宿/安親/到府/認養,80053台灣高雄市新興區復興二路344號2樓,5.0,41.0,星期一: 13:00 – 22:00；星期二: 13:00 – 22:00；星期三: 13:00 – 22:00；星期四: 13:00 – 22:00；星期五: 13:00 – 22:00；星期六: 13:00 – 22:00；星期日: 13:00 – 22:00,120.308057,22.62662
高雄市,屹仙居寵物生活館鳳山店-寵物美容/造型修剪/寵物安親/住宿/長期寄養/到府保姆,830台灣高雄市鳳山區青年路二段135號1樓,5.0,37.0,星期一: 10:00 – 19:00；星期二: 10:00 – 19:00；星期三: 10:00 – 19:00；星期四: 10:00 – 19:00；星期五: 10:00 – 19:00；星期六: 10:00 – 19:00；星期日: 10:00 – 19:00,120.3497093,22.63276
高雄市,棉花糖寵物旅館,843台灣高雄市美濃區光明路169號,4.8,84.0,星期一: 10:00 – 20:00；星期二: 10:00 – 20:00；星期三: 10:00 – 20:00；星期四: 10:00 – 20:00；星期五: 10:00 – 20:00；星期六: 10:00 – 20:00；星期日: 10:00 – 20:00,120.5124005,22.8651355
高雄市,貝貝窩寵物沙龍/狗貓住宿/spa（楠梓）,811台灣高雄市楠梓區大學二十一路237巷6號,4.9,87.0,星期一: 10:00 – 18:00；星期二: 10:00 – 18:00；星期三: 10:00 – 18:00；星期四: 10:00 – 18:00；星期五: 10:00 – 18:00；星期六: 10:00 – 12:00；星期日: 休息,120.2794279,22.7239467
高雄市,毛毛日常｜寵物·美容·住宿,814034台灣高雄市仁武區八德西路501號,5.0,28.0,星期一: 10:00 – 20:00；星期二: 10:00 – 20:00；星期三: 10:00 – 20:00；星期四: 10:00 – 20:00；星期五: 10:00 – 20:00；星期六: 10:00 – 20:00；星期日: 10:00 – 20:00,120.3287086,22.6836958
高雄市,熊汪寵物沙龍旅館/高雄寵物美容/高雄寵物住宿/苓雅寵物美容/鳳山寵物美容/三民區寵物美容/高雄貓咪美容/苓雅寵物住宿/高雄貓咪住宿,802台灣高雄市苓雅區正義路150號,5.0,71.0,星期一: 10:00 – 19:00；星期二: 10:00 – 19:00；星期三: 休息；星期四: 10:00 – 19:00；星期五: 10:00 – 19:00；星期六: 10:00 – 19:00；星期日: 10:00 – 19:00,120.3397148,22.631239
高雄市,森富寵物生活館/高雄合法寵物美容住宿推薦,807台灣高雄市三民區明賢街42號,4.6,81.0,星期一: 09:30 – 19:00；星期二: 休息；星期三: 休息；星期四: 09:30 – 19:00；星期五: 09:30 – 19:00；星期六: 09:30 – 19:00；星期日: 09:30 – 19:00,120.3124443,22.661896
高雄市,貓頭目貓咪旅館/預約制/單純貓咪住宿/,813台灣高雄市左營區重吉路18號,5.0,84.0,未提供,120.298699,22.6749647
高雄市,飛飛寵物旅館24小時照顧/一對一散步(美容/乾糧/生肉/保養品/零食),800台灣高雄市新興區竹圍路6號,4.7,55.0,"星期一: 10:00 – 12:00, 13:00 – 19:00；星期二: 休息；星期三: 休息；星期四: 10:00 – 12:00, 13:00 – 19:00；星期五: 10:00 – 12:00, 13:00 – 19:00；星期六: 10:00 – 12:00, 13:00 – 19:00；星期日: 10:00 – 12:00, 13:00 – 19:00",120.3038195,22.626647
高雄市,高雄小歐精緻旅店 | 寵物民宿 | 近美麗島,800台灣高雄市新興區南台路84號,4.7,158.0,未提供,120.2998906,22.6324566
高雄市,扭扭貓屋🐈🐾-高雄左營│高雄貓咪旅館│高雄貓咪住宿│高雄貓咪美容│左營貓住宿/美容推薦,813台灣高雄市左營區重清路256號,5.0,99.0,星期一: 10:00 – 20:00；星期二: 10:00 – 20:00；星期三: 10:00 – 20:00；星期四: 休息；星期五: 10:00 – 20:00；星期六: 10:00 – 20:00；星期日: 10:00 – 20:00,120.31283,22.670541
高雄市,多野樂旅館 Dogether Hotel－寵物友善旅館丨寵物美容丨寵物泳池,811台灣高雄市楠梓區興楠路385號,4.5,401.0,未提供,120.3309962,22.7285054
高雄市,旺太郎寵物沙龍,802台灣高雄市苓雅區正義路237號,4.8,176.0,星期一: 09:30 – 19:00；星期二: 09:30 – 19:00；星期三: 09:30 – 19:00；星期四: 09:00 – 19:00；星期五: 09:30 – 19:00；星期六: 09:30 – 19:00；星期日: 09:30 – 19:00,120.3404664,22.6327305
高雄市,My Dog 寵物美容．住宿,807台灣高雄市三民區民族一路525號,4.9,78.0,星期一: 11:00 – 19:00；星期二: 休息；星期三: 11:00 – 19:00；星期四: 11:00 – 19:00；星期五: 11:00 – 19:00；星期六: 11:00 – 19:00；星期日: 11:00 – 19:00,120.3162724,22.6655655
高雄市,沐寵物美容＆旅館《寵物沐浴推薦》鼓山專業寵物美容師｜寵物刷牙｜寵物安親 ｜韓國草本泥,804台灣高雄市鼓山區青松街25號,5.0,50.0,星期一: 10:00 – 19:00；星期二: 10:00 – 19:00；星期三: 10:00 – 19:00；星期四: 10:00 – 19:00；星期五: 10:00 – 19:00；星期六: 10:00 – 19:00；星期日: 休息,120.279892,22.651296
高雄市,BONI寶妮 寵物美容/寵物住宿/寵物保姆/寵物沙龍,830台灣高雄市鳳山區大明路185號,5.0,94.0,星期一: 11:00 – 20:00；星期二: 11:00 – 20:00；星期三: 11:00 – 20:00；星期四: 11:00 – 20:00；星期五: 11:00 – 20:00；星期六: 11:00 – 20:00；星期日: 11:00 – 20:00,120.3415063,22.610489
高雄市,No.136寵物美學精品旅店,804台灣高雄市鼓山區華豐街71號,4.8,72.0,星期一: 10:00 – 18:00；星期二: 10:00 – 18:00；星期三: 休息；星期四: 10:00 – 18:00；星期五: 10:00 – 18:00；星期六: 10:00 – 18:00；星期日: 休息,120.2948207,22.6671219
高雄市,高雄漫步妘端旅店（寵物友善）,802台灣高雄市苓雅區自強三路5號,4.2,112.0,未提供,120.300266,22.6117288
